"","score","text"
"1",1,"RT @C4ETech: Zenfone 3 is on Oreo! #Respect #Asus"
"2",-1,"RT @PokdeDotNet: [UNBOXING] ASUS ROG Strix GL503VS SCAR Edition Gaming Laptop #ASUS #Edition #Gaming #GeForce #GL503VS #GTX1070 https://t.câ€¦"
"3",-1,"[UNBOXING] ASUS ROG Strix GL503VS SCAR Edition Gaming Laptop #ASUS #Edition #Gaming #GeForce #GL503VS #GTX1070 https://t.co/nAsLsGS3rt"
"4",-1,"[UNBOXING] ASUS ROG Strix GL503VS SCAR Edition Gaming Laptop #ASUS #Edition #Gaming #GeForce #GL503VS #GTX1070 https://t.co/wAk1ZcpkpM"
"5",0,"ãƒ„ã‚¤ãƒ³ã‚¢ãƒ—ãƒªæ©Ÿèƒ½ã§Twitterã‚’è©¦ã™ã€‚
ãƒãƒ«ãƒã‚¦ã‚¤ãƒ³ãƒ‰ã‚¦æ©Ÿèƒ½ã‚’ä½¿ã„ä¸¡æ–¹ã®Twitterã‚’è¦‹ãªãŒã‚‰éŠã¹ã¾ã™ã€‚
å…¬å¼ã‚¢ãƒ—ãƒªã§å‡ºæ¥ã‚‹ã®ãŒè‰¯ã„ã§ã™ã­ã€‚

#Zenfone4 #ASUS https://t.co/4q2aDRnO2t"
"6",0,"#aqua #turquoise #asus #blanco #futbÃ³l #soccer #mydream #esfuerzo #entrenamiento #mejorar #nikeclothes #instapic #photosay #nfc"
"7",0,"ASUS N73JG (Core i3 380M 2530 Mhz/17.3""/1600x900/3072Mb/320Gb/DVD-RW/Wi-Fi/DOS) https://t.co/RvRO5oWmOV #ASUS"
"8",0,"ZenFone4ã€åºƒè§’ãƒ¬ãƒ³ã‚ºã®åŠ¹æœã¯ãƒ†ãƒ¬ãƒ“å¡”ãªã©ã§æ¯”è¼ƒã™ã‚‹ã¨éå¸¸ã«ã‚ˆãã‚ã‹ã‚Šã¾ã™ã€‚

#ZenFone4 #ASUS #ZenFone4ã§æ’®å½± #WeLovePhoto https://t.co/PpTEaTsU1w"
"9",0,"Te regalo 5 gigas de almacenamiento para que pruebes #ASUS #WebStorage, regÃ­strate en el linkâ€¦ https://t.co/G3s21aP1wA"
"10",0,"ASUS MeMO Pad 7 LTE ( Android 4.4.2/7 inch/Atom Z3560/eMMC 16GB/2GB ) https://t.co/SGX9BlFATl  #ã‚¿ãƒ–ãƒ¬ãƒƒãƒˆ #ASUS https://t.co/jZOYVS1lE9"
"11",-1,"New Listing! Asus Essentio CM6730 Desktop  Tower / Non-Working Hard Drive / Windows 10 #ASUS https://t.co/00QUiqX6Zm via @eBay"
"12",1,"RT @JaredRoweUSA: At the end of the day, I still love to build, upgrade and tweak my own systems. @intel #evga #corsair #asus #workingtogetâ€¦"
"13",0,"ï¼¼å¯¾è±¡å•†å“ãƒã‚¤ãƒ³ãƒˆ5å€ï¼ï¼
ã€#ä¸­å¤ ãŠè²·ã„å¾—å“ã€‘#SIMãƒ•ãƒªãƒ¼ ã‚¢ãƒ³ãƒ‰ãƒ­ã‚¤ãƒ‰ã‚¹ãƒãƒ›ãŒå®‰ã„ï¼#ASUSã€#ZenFoneLive ZB501KL-PK16 16GB ãƒ­ãƒ¼ã‚ºãƒ”ãƒ³ã‚¯ å›½å†…ç‰ˆã€ãŒ15,314å††(ç¨è¾¼)ã¨æœŸé–“é™å®šã§ãŠå€¤ä¸‹â€¦ https://t.co/nmoHLDozjv"
"14",0,"CouchÃ© de soleil au lac í ¼í¼„ â€¢ â€¢ â€¢ #nofilter #sansfiltre #lac #lake #paysage #landscape #couchedesoleil #sunsetâ€¦ https://t.co/9EUOKdWPRz"
"15",1,"I bought my Asus F541U #Laptop #Computer yo replace my 4-yr old #Asus X54C, because I was happy with the old one...â€¦ https://t.co/c7YB0OZJC8"
"16",1,"I bought my Asus F541U #Laptop #Computer yo replace my 4-yr old #Asus X54C, because I was happy with the old one...â€¦ https://t.co/qIpArHeRxL"
"17",0,"Zenfone4ã‚«ã‚¹ã‚¿ãƒã‚¤ã‚ºãƒ¢ãƒ‡ãƒ«ã£ã¦ã€è‡ªåˆ†ã®Zenfone3ãƒ‡ãƒ©ãƒƒã‚¯ã‚¹ä¸‹ä½ãƒ¢ãƒ‡ãƒ«ã‚ˆã‚Šã‚«ãƒ¡ãƒ©ä»¥å¤–åŒç­‰ä»¥ä¸Šãªã®ã‹(ï¾ŸĞ”ï¾Ÿ;)
å£²ã£ã¦è²·ã„æ›ãˆã¦ã‚‚é‡‘é¡çš„ã«æã—ãªã•ãã†ã€‚ #ASUS #Zenfone4 #IIJmio #ã¯ã¦ãªãƒ–ãƒ­ã‚° 
https://t.co/qigllqxTyy"
"18",0,"#Asus R558UQ-DM539D #Laptop Core #i5 7th Gen (4 GB/ 1 TB HDD/ DOS/ 2 GB Graphics/ 15.6 inch)
https://t.co/lowoBaZgGB"
"19",0,"#Asus #R558UR-DM069D #Laptop Core #i5 6th Gen (4 GB/ 1 TB HDD/ DOS/ 2 GB Graphics/ 15.6 inch)
https://t.co/bWZc8jipeE"
"20",0,"ã€#ASUS #Zenfoneï¼#Zenfone3Ultraã€‘
æ¢ã—ã¦ã¾ã›ã‚“ã‹ï¼Ÿå½“åº—ã€åœ¨åº«ã‚ã‚Šã¾ã™â˜º
ç”Ÿç”£çµ‚äº†å“ãªã®ã§åœ¨åº«é™ã‚Šã§ã™ã€‚
åœ¨åº«ç¢ºèªã¯0466-54-9325ã¾ã§ãŠé¡˜ã„ã—ã¾ã™ã€‚
#æ¹˜å— #è—¤æ²¢ #è¾»å ‚ #UQ #ä¸€æ‹¬â€¦ https://t.co/C4WAzqC40g"
"21",0,"-13% para #ASUS GL553VD-DM254T - #ordenador #portatil de 15.6"" Full HD... í ½í±‰ https://t.co/CUPYTyvvVj ahora por 869â‚¬.â€¦ https://t.co/RfLSQFpLhg"
"22",1,"At the end of the day, I still love to build, upgrade and tweak my own systems. @intel #evga #corsair #asusâ€¦ https://t.co/FY7GpHAGQc"
"23",1,"RT @Jupiter707: #WIN AN #ASUS #ROG #GAMING #MONITOR #GIVEAWAY

Follow @AthleticoES &amp; RT to Enter

@HyperRTs #csgogiveaways #csgogiveaway htâ€¦"
"24",1,"#WIN AN #ASUS #ROG #GAMING #MONITOR #GIVEAWAY

Follow @AthleticoES &amp; RT to Enter

@HyperRTs #csgogiveawaysâ€¦ https://t.co/4R8ZDaIDYB"
"25",0,"Te regalo 5 gigas de almacenamiento para que pruebes #ASUS #WebStorage, regÃ­strate en el linkâ€¦ https://t.co/YHj1eFfuMD"
"26",0,"RT @expresstechie: #Asus ZenFone 5 with 18:9 display, dual cameras to launch at #MWC2018 
https://t.co/EJCpgFe0Fn"
"27",1,"Happy Sunday everyone!
.
#ciktimm #fatimahnabiladotcom 
#asus #asusselfie 
#blogger #bloggerutara https://t.co/dyPwdAyGum"
"28",0,"#Asus ZenFone 5 with 18:9 display, dual cameras to launch at #MWC2018 
https://t.co/EJCpgFe0Fn"
"29",-2,"#ASUS expensive piece of cheap hardware í ½í¸¡"
"30",1,"RT @ShakweelO: #WIN AN #ASUS #ROG #GAMING #MONITOR #GIVEAWAY

Follow @AthleticoES &amp; RT to Enter

@HyperRTs #csgogiveaways #csgogiveaway httâ€¦"
"31",1,"RT @C4ETech: Zenfone 3 is on Oreo! #Respect #Asus"
"32",1,"#WIN AN #ASUS #ROG #GAMING #MONITOR #GIVEAWAY

Follow @AthleticoES &amp; RT to Enter

@HyperRTs #csgogiveawaysâ€¦ https://t.co/I1rrIHM6Eb"
"33",1,"RT @jasiddal: #WIN AN #ASUS #ROG #GAMING #MONITOR #GIVEAWAY

Follow @AthleticoES &amp; RT to Enter

@HyperRTs #csgogiveaways #csgogiveaway httpâ€¦"
"34",0,"RT @ASUS_ROGUK: We're a huge fan (heh) of these build pics from @CameronJLBuchan!

#asus #rog #tech #techpornâ€¦ https://t.co/6UqxFQBmYr"
"35",0,"RT @ASUS_ROGUK: Desk PCs í ½í¸
í ½í³¸ /u/AlexPilot

#asus #rog #tech #techporn #battlestation #desksetup #gamingpcâ€¦ https://t.co/1gNRgdZYNv"
"36",1,"RT @jasiddal: #WIN AN #ASUS #ROG #GAMING #MONITOR #GIVEAWAY

Follow @AthleticoES &amp; RT to Enter

@HyperRTs #csgogiveaways #csgogiveaway httpâ€¦"
"37",0,"RT @PokdeDotNet: Second smartphone from ASUS with an 18:9 display...

#ASUS #ZenFone5 #Backto5 #5 #Android #Oreo #Smartphone https://t.co/wâ€¦"
"38",0,"Te regalo 5 gigas de almacenamiento para que pruebes #ASUS #WebStorage, regÃ­strate en el linkâ€¦ https://t.co/zVVZr1TYWm"
"39",1,"RT @Aliff_Azahari: #WIN AN #ASUS #ROG #GAMING #MONITOR #GIVEAWAY

Follow @AthleticoES &amp; RT to Enter

@HyperRTs #csgogiveaways #csgogiveawayâ€¦"
"40",1,"#WIN AN #ASUS #ROG #GAMING #MONITOR #GIVEAWAY

Follow @AthleticoES &amp; RT to Enter

@HyperRTs #csgogiveawaysâ€¦ https://t.co/Y0MpWUvm77"
"41",-1,"#Asus #zenfone5 #leaks with 18:9 #display #dualcameras #Snapdragon 430 and #AndroidOreo will be announced at #MWC18â€¦ https://t.co/xQLwNFoXyl"
"42",1,"#WIN AN #ASUS #ROG #GAMING #MONITOR #GIVEAWAY

Follow @AthleticoES &amp; RT to Enter

@HyperRTs #csgogiveawaysâ€¦ https://t.co/XuoMszd0eL"
"43",1,"How to Make Your Laptop's Wifi Signal Faster On Windows 10/8/7 [Tutorial] #makeinternet #Acer #Dell #Asus...â€¦ https://t.co/pc16MVCZry"
"44",0,"Te regalo 5 gigas de almacenamiento para que pruebes #ASUS #WebStorage, regÃ­strate en el linkâ€¦ https://t.co/rBvjl9StHL"
"45",0,"Second smartphone from ASUS with an 18:9 display...

#ASUS #ZenFone5 #Backto5 #5 #Android #Oreo #Smartphone https://t.co/wAMNiZiWqu"
"46",0,"Second smartphone from ASUS with an 18:9 display...

#ASUS #ZenFone5 #Backto5 #5 #Android #Oreo #Smartphone https://t.co/vldE3h9kqz"
"47",0,"ã€æ•…éšœã€‘ASUS Zenbook3 èµ·å‹•ã—ãªããªã‚‹â†’ä¿®ç†ã¸ï¼»ASUSã®ã‚µãƒãƒ¼ãƒˆã‚’æ¤œè¨¼ï¼ï¼½https://t.co/CVEamRLqdO #ASUS #Zenbook #Zenbook3 #Windows10 https://t.co/A7AUkA9Hxy"
"48",0,"It's over 9000! #overclocking #benching #ASUS #didtheyeventestit #letstrythatagain https://t.co/82OOEuEuKv"
"49",0,"ã€ãƒ‘ã‚½ã‚³ãƒ³ã€‘æ©Ÿå‹•æ€§Ã—å®Ÿç”¨æ€§Ã—å¯èƒ½æ€§ã€‚3ã¤ã®ãƒ—ãƒ¬ãƒŸã‚¢ãƒ ã‚’æ¥µã‚ãŸé«˜æ€§èƒ½ã‚¿ãƒ–ãƒ¬ãƒƒãƒˆã€T305CA-7Y54ã€81,400å††(ç¨æŠœ)
ï¼ƒASUS ï¼ƒã‚¿ãƒ–ãƒ¬ãƒƒãƒˆ
https://t.co/S9K0KCaLxa https://t.co/597oYeZPbm"
"50",0,"RT @Slashleaks: #Asus - #Zenfone5 - ASUS ZenFone 5 user manual reveals design from all angles https://t.co/TxFrKCUdis https://t.co/m8faT1RQâ€¦"
"51",0,"RT @kukkumaa: å°å­¦ç”Ÿ(å¥³ã®å­äºŒäººã§ï¼‰å†¬ä¼‘ã¿ã®è‡ªç”±ç ”ç©¶ã§è‡ªä½œPCã‚’çµ„ã¾ã›ã¦ã¿ãŸã€‚ï¼ˆåˆå¿ƒè€…ã«ãŠå‹§ã‚ï¼ï¼‰ - AMD Ryzen(TM) 7 1700ã®ãƒ¬ãƒ“ãƒ¥ãƒ¼ã€€ï¼ƒASUSã€€ï¼ƒAMDã€€ï¼ƒRyzen(TM) 7 1700
 | ã‚¸ã‚°ã‚½ãƒ¼ | ãƒ¬ãƒ“ãƒ¥ãƒ¼ãƒ¡ãƒ‡ã‚£ã‚¢ https:â€¦"
"52",0,"Te regalo 5 gigas de almacenamiento para que pruebes #ASUS #WebStorage, regÃ­strate en el linkâ€¦ https://t.co/Y7aqapLeXg"
"53",0,"ã€ãƒ¢ãƒ‹ã‚¿ãƒ¼ã€‘
ASUS VE248HR
å¿œç­”é€Ÿåº¦1ms!
ï¼“å°é™å®šã§ç‰¹ä¾¡è²©å£²ä¸­ã€‚

æ•°ãƒŸãƒªã®æ™‚é–“ã§å·®ã‚’ä»˜ã‘ã‚ï¼

#ã‚²ãƒ¼ãƒŸãƒ³ã‚°ãƒ¢ãƒ‹ã‚¿ãƒ¼ #ASUS #PCãƒ¢ãƒ‹ã‚¿ãƒ¼ https://t.co/hlUdybYP9E"
"54",0,"The stream is live!!!  #pubg #pubgxbox #pubgxboxone #xbox #xboxone #xboxones #microsoft #beer #batman #coorslightâ€¦ https://t.co/D05nqtTw4v"
"55",0,"ãƒ‘ã‚½ã‚³ãƒ³è²·ã„ã¾ã—ãŸã€‚
æ³¨æ–‡ã—ãŸç¿Œæ—¥ã«å±Šã„ã¦ã³ã£ãã‚Šã€‚ä»Šå›ã‚‚ãƒ”ãƒ³ã‚¯ã ã‘ã©ã€å‰ã®ã‚ˆã‚Šè‰²ã¯è–„ã‚ã€‚
å‡¦ç†é€Ÿåº¦ã‚ˆã‚Šã‚‚ã€è–„ã•ã¨è»½ã•é‡è¦–í ½í¸†
#ãƒ‘ã‚½ã‚³ãƒ³ #pc #ãƒ”ãƒ³ã‚¯å¥½ã #asus #zenbook https://t.co/QhU1VgFyKC"
"56",0,"ASUS K52F (Pentium P6200 2133 Mhz/15.6""/1366x768/3072Mb/320Gb/DVD-RW/Intel GMA HD/Wi-Fi/Bluetooth/Win 7 HB) https://t.co/M0nAyUuStZ #ASUS"
"57",0,"Te regalo 5 gigas de almacenamiento para que pruebes #ASUS #WebStorage, regÃ­strate en el linkâ€¦ https://t.co/DTlOkwttMG"
"58",0,"RT @BeeverBSN: à¸„à¸§à¸²à¸¡à¸—à¸£à¸‡à¸ˆà¸³à¸™à¸±à¹‰à¸™à¸Šà¹ˆà¸²à¸‡à¸¢à¸²à¸§à¸™à¸²à¸™ 
à¸¡à¸µà¹à¸•à¹ˆà¸§à¸±à¸™à¹€à¸§à¸¥à¸²à¹€à¸—à¹ˆà¸²à¸™à¸±à¹‰à¸™à¸—à¸µà¹ˆà¹à¸ªà¸™à¸ªà¸±à¹‰à¸™à¸™à¸°à¸„à¸£à¸±à¸š

#à¸—à¸µà¸¡à¸¡à¸Š #à¸¡à¸Š #à¸¨à¸²à¸¥à¸²à¸˜à¸£à¸£à¸¡
#à¹€à¸Šà¸µà¸¢à¸‡à¹ƒà¸«à¸¡à¹ˆ #Thailand #ASUS
#VSCO #VSCOCaâ€¦"
"59",1,"All @ASUSUSA &amp; @ASUS_ROG  #Z370 Motherboards which support #intel 8th generation CPUs and lunched in 2017 í ½í´¥ 

The lâ€¦ https://t.co/MmRvgF4J6B"
"60",1,"#WIN AN #ASUS #ROG #GAMING #MONITOR #GIVEAWAY

Follow @AthleticoES &amp; RT to Enter

@HyperRTs #csgogiveawaysâ€¦ https://t.co/waw2EVfBBt"
"61",0,"RT @dospara_honten: 13æ™‚ã‹ã‚‰ã‚¤ãƒ™ãƒ³ãƒˆã‚¹ã‚¿ãƒ¼ãƒˆã§ã™ï¼
çš†æ§˜å¥®ã£ã¦ã”å‚åŠ ãã ã•ã„ï¼ï¼

ã‚¹ã‚¿ãƒƒãƒ•ã‚‚è¦‹ãŸã„ã‚“ã§ã™ã‘ã©ï¼ã‘ã©ï¼ï¼ï¼

#ASUS #ãƒ‰ã‚¹ãƒ‘ãƒ© #ç§‹è‘‰åŸæœ¬åº— #akiba #ã‚¤ãƒ™ãƒ³ãƒˆ #ãƒ‰ã‚¹ãƒ‘ãƒ©TV https://t.co/BzBcaKuh20"
"62",0,"åˆAndroidã‚¹ãƒãƒ›ã§ã€ASUSã®ZenPhone3ã‚’è²·ãŠã†ã¨æ€ã£ã¦ã„ã¾ã™ã€‚
ä½¿ã£ã¦ã„ã‚‹æ–¹ã«è³ªå•ã§ã™ãŒã€Twitterã‚„éŸ³å£°å…¥åŠ›ãªã©ã¯ã‚µã‚¯ã‚µã‚¯ã§ã™ã‹ï¼Ÿ
ä½¿ã„å¿ƒåœ°ã‚’æ•™ãˆã¦ã„ãŸã ã‘ãŸã‚‰ã¨æ€ã„ã¾ã™ã€‚ã€€#ASUS"
"63",1,"#WIN AN #ASUS #ROG #GAMING #MONITOR #GIVEAWAY

Follow @AthleticoES &amp; RT to Enter

@HyperRTs #csgogiveawaysâ€¦ https://t.co/WuRnwujUSu"
"64",1,"#WIN AN #ASUS #ROG #GAMING #MONITOR #GIVEAWAY

Follow @AthleticoES &amp; RT to Enter

@HyperRTs #csgogiveawaysâ€¦ https://t.co/VsaGaC6k8h"
"65",1,"#WIN AN #ASUS #ROG #GAMING #MONITOR #GIVEAWAY

Follow @AthleticoES &amp; RT to Enter

@HyperRTs #csgogiveawaysâ€¦ https://t.co/QmS9piR66X"
"66",1,"I bought my Asus F541U #Laptop #Computer yo replace my 4-yr old #Asus X54C, because I was happy with the old one...â€¦ https://t.co/gk89fk5uzM"
"67",1,"#WIN AN #ASUS #ROG #GAMING #MONITOR #GIVEAWAY

Follow @AthleticoES &amp; RT to Enter

@HyperRTs #csgogiveawaysâ€¦ https://t.co/aoGyvJOdY6"
"68",1,"RT @jasiddal: #WIN AN #ASUS #ROG #GAMING #MONITOR #GIVEAWAY

Follow @AthleticoES &amp; RT to Enter

@HyperRTs #csgogiveaways #csgogiveaway httpâ€¦"
"69",1,"RT @erfinllen: #WIN AN #ASUS #ROG #GAMING #MONITOR #GIVEAWAY

Follow @AthleticoES &amp; RT to Enter

@HyperRTs #csgogiveaways #csgogiveaway httâ€¦"
"70",1,"#WIN AN #ASUS #ROG #GAMING #MONITOR #GIVEAWAY

Follow @AthleticoES &amp; RT to Enter

@HyperRTs #csgogiveawaysâ€¦ https://t.co/j9wEJlQrVZ"
"71",0,"@ASUSTR Asus Servisi kullanÄ±cÄ±lara Ã§ektirdiÄŸi Ã§ilenin haddi hesabÄ± yok! YazÄ±klar olsun! Cebin AnakartÄ±nÄ± bozdular!â€¦ https://t.co/QGLzTXUcVd"
"72",0,"@ASUSTR Asus Servisi kullanÄ±cÄ±lara Ã§ektirdiÄŸi Ã§ilenin haddi hesabÄ± yok! YazÄ±klar olsun! Cebin AnakartÄ±nÄ± bozdular!â€¦ https://t.co/6Yg2nOeJR8"
"73",0,"ASUS K53SV (Core i7 2630QM 2000 Mhz/15.6""/1366x768/4096Mb/640Gb/DVD-RW/Wi-Fi/Win 7 HB) https://t.co/o1M4TaZwxB #ASUS"
"74",-1,"New Year means New Equipment to deliver New Content. It's a flow, people. Can't wait for this bad boy to arrive!â€¦ https://t.co/6jGgHbideF"
"75",0,"Te regalo 5 gigas de almacenamiento para que pruebes #ASUS #WebStorage, regÃ­strate en el linkâ€¦ https://t.co/n4rApKBDHE"
"76",-1,"Our evening ended with a fallen #redbull and now we are trying to dry our laptop in the hotel room! í ½í¸…í ½í¸±í ½í¸œ#tiqntehdasâ€¦ https://t.co/AAcMvW1Y0a"
"77",1,"#WIN AN #ASUS #ROG #GAMING #MONITOR #GIVEAWAY

Follow @AthleticoES &amp; RT to Enter

@HyperRTs #csgogiveawaysâ€¦ https://t.co/cjxS3lKan8"
"78",1,"#WIN AN #ASUS #ROG #GAMING #MONITOR #GIVEAWAY

Follow @AthleticoES &amp; RT to Enter

@HyperRTs #csgogiveawaysâ€¦ https://t.co/avw3edI67p"
"79",0,"RT @1stMiningRig: Asus Prime Z270-P Review and Mining Configuration https://t.co/MLeSfNMn9Y #ASUS #PRIM #Z270P #Review #MiningMotherboard #â€¦"
"80",0,"@ASUSTR Asus Servisi kullanÄ±cÄ±lara Ã§ektirdiÄŸi Ã§ilenin haddi hesabÄ± yok! YazÄ±klar olsun! Zar zor aldÄ±ÄŸÄ±m telefonu keâ€¦ https://t.co/woM5VLTh45"
"81",0,"Asus Prime Z270-P Review https://t.co/i5vMtTpnAT via @1stMiningRig #ASUS #PRIM #Z270P #Review #MiningMotherboardâ€¦ https://t.co/irUwqgYJ4Z"
"82",0,"Asus Prime Z270-P Review and Mining Configuration https://t.co/MLeSfNMn9Y #ASUS #PRIM #Z270P #Reviewâ€¦ https://t.co/3tyyRQ8Vyz"
"83",1,"#WIN AN #ASUS #ROG #GAMING #MONITOR #GIVEAWAY

Follow @AthleticoES &amp; RT to Enter

@HyperRTs #csgogiveawaysâ€¦ https://t.co/2AjIxnPnWx"
"84",0,"ZenFone4ã‚»ãƒ«ãƒ•ã‚£ãƒ¼ãƒ—ãƒ­ã ï¼å†™çœŸãã‚Œã„ã«æ’®å½±ã§ãã¾ã™ã­ã€‚ #ZenFone4selfie #asus # æ ¼å®‰ã‚¹ãƒãƒ› https://t.co/taQXR8XSsv"
"85",1,"#WIN AN #ASUS #ROG #GAMING #MONITOR #GIVEAWAY

Follow @AthleticoES &amp; RT to Enter

@HyperRTs #csgogiveawaysâ€¦ https://t.co/XrVA0HXpUw"
"86",0,"Â¿Que tan psicodÃ©lico pueden ser unir un televisor y un celular? #desparche #asus #camaraâ€¦ https://t.co/dynFOjH2qe"
"87",0,"Doing some very light duty cleaning the garage and found my Slag #Transformers figure. I've easily had this for oveâ€¦ https://t.co/E8ZtIviITl"
"88",0,"ASUS ROG STRIX B250H GAMING LGA1151 DDR4 HDMI DVI M.2 ATX Motherboard with USB 3.1 by #Asus https://t.co/tmzDqPkKSx      vÃ­a @amazon"
"89",0,"#FUJITSU #FREETEL #HUAWEI #ASUS #motorola #ZTE #alcateã€€ã‚·ãƒ ãƒ•ãƒªãƒ¼ã‚¹ãƒãƒ›ã®ã‚±ãƒ¼ã‚¹ã€ãƒ•ã‚£ãƒ«ãƒ ã‚ã‚Šã¾ã™ï¼ã€€052-252-7007"
"90",1,"#WIN AN #ASUS #ROG #GAMING #MONITOR #GIVEAWAY

Follow @AthleticoES &amp; RT to Enter

@HyperRTs #csgogiveawaysâ€¦ https://t.co/IlYE8hRAx8"
"91",1,"#WIN AN #ASUS #ROG #GAMING #MONITOR #GIVEAWAY

Follow @AthleticoES &amp; RT to Enter

@HyperRTs #csgogiveawaysâ€¦ https://t.co/18LOxZPAsD"
"92",0,"ASUS Seashell KR Brown USB https://t.co/PojkoJxQ2R #ASUS"
"93",0,"Te regalo 5 gigas de almacenamiento para que pruebes #ASUS #WebStorage, regÃ­strate en el linkâ€¦ https://t.co/rfl0pkCMbd"
"94",1,"#WIN AN #ASUS #ROG #GAMING #MONITOR #GIVEAWAY

Follow @AthleticoES &amp; RT to Enter

@HyperRTs #csgogiveawaysâ€¦ https://t.co/aLZekFaDdc"
"95",0,"TÃ´ sem ideia pra legenda hoje. 

Foto por: Zenfone 3 + Snapseed

#asus #asusbrasil #asuszenfoneâ€¦ https://t.co/bLwS54QJpm"
"96",1,"#WIN AN #ASUS #ROG #GAMING #MONITOR #GIVEAWAY

Follow @AthleticoES &amp; RT to Enter

@HyperRTs #csgogiveawaysâ€¦ https://t.co/7fBbpgeWS1"
"97",1,"#WIN AN #ASUS #ROG #GAMING #MONITOR #GIVEAWAY

Follow @AthleticoES &amp; RT to Enter

@HyperRTs #csgogiveawaysâ€¦ https://t.co/LqXNj5nFJj"
"98",1,"#WIN AN #ASUS #ROG #GAMING #MONITOR #GIVEAWAY

Follow @AthleticoES &amp; RT to Enter

@HyperRTs #csgogiveawaysâ€¦ https://t.co/sqNqwwldHM"
"99",0,"https://t.co/qXnGYqEDVy #monitor #asus #LCD https://t.co/qcRkNx5Nsh"
"100",-1,"RT @TheJoeShowRocks: LIVE come hang out 
https://t.co/34PSi0MVXu   
woooooo!!!
#Studio #StreamerHype #streamers #Mixer #DSLR #canon #Asus #â€¦"
"101",-1,"LIVE come hang out 
https://t.co/34PSi0MVXu   
woooooo!!!
#Studio #StreamerHype #streamers #Mixer #DSLR #canonâ€¦ https://t.co/YHoxbdWlne"
"102",1,"#WIN AN #ASUS #ROG #GAMING #MONITOR #GIVEAWAY

Follow @AthleticoES &amp; RT to Enter

@HyperRTs #csgogiveawaysâ€¦ https://t.co/RmTcC2iBba"
"103",0,"Mana pilihanmu guys

https://t.co/xuTYaHxXvM

#notebook #asus"
"104",0,"Te regalo 5 gigas de almacenamiento para que pruebes #ASUS #WebStorage, regÃ­strate en el linkâ€¦ https://t.co/lgNy3Btmzq"
"105",1,"RT @C4ETech: Zenfone 3 is on Oreo! #Respect #Asus"
"106",0,"iwinuxfeed: Asus Zenfone 5 (X00PD): svelati i dettagli del primo della nuova serie https://t.co/Ev9gERbnmP #Informatica #Telefonia #asus"
"107",0,"iwinuxfeed: Asus Zenfone 5 (X00PD): svelati i dettagli del primo della nuova serie https://t.co/eom6hltE7M #Informatica #Telefonia #asus"
"108",1,"#WIN AN #ASUS #ROG #GAMING #MONITOR #GIVEAWAY

Follow @AthleticoES &amp; RT to Enter

@HyperRTs #csgogiveawaysâ€¦ https://t.co/aTN1b7vCss"
"109",0,"ASUS Micro ATX DDR3 2400 Motherboards A88XM-PLUS/CSM [ä¸¦è¡Œè¼¸å…¥å“] æœ€å®‰å€¤ â‡’ 16,800å†† https://t.co/BlRzfDjGiZ #Asus"
"110",0,"Te regalo 5 gigas de almacenamiento para que pruebes #ASUS #WebStorage, regÃ­strate en el linkâ€¦ https://t.co/FQMQPIMmUF"
"111",-1,"Sneak peak at my new system #ThinBlue. Will be complete tonight! #asus #ekwaterblocks #hyperxâ€¦ https://t.co/BYTL4344wx"
"112",0,"#computer #asus Testbericht zum ASUS K31BF-DE012S - Ein solider Allrounder: https://t.co/ksapNSukNX via https://t.co/agK11dKrNS"
"113",0,"Finally finished my desk set up. í ½í±í ¼í¿»í ½í±í ¼í¿»+
+
+
+
+
+
#ryzen #nzxt #asusâ€¦ https://t.co/3P1WMTTKIz"
"114",0,"Flash back to August 2017 when k built my 2nd custom desktop computer in my life on YouTube autismtechlife95 í ½í¹‚ theâ€¦ https://t.co/gE0I81pTXW"
"115",1,"#WIN AN #ASUS #ROG #GAMING #MONITOR #GIVEAWAY

Follow @AthleticoES &amp; RT to Enter

@HyperRTs #csgogiveawaysâ€¦ https://t.co/QeGPpYY6Rq"
"116",0,"Review coming up shortly.! Stay tuned.! #Asus #ZenFone #ZoomS https://t.co/MczWZK0fkY"
"117",0,"#PortÃ¡tiles #ASUS a los mejores precios desde 229 â‚¬ Â¡No te lo pierdas!: https://t.co/Cxw5BzOhJD"
"118",0,"Te regalo 5 gigas de almacenamiento para que pruebes #ASUS #WebStorage, regÃ­strate en el linkâ€¦ https://t.co/GoTJRAD5PF"
"119",0,"Come visualizzare estensione file in Windows
https://t.co/2N55AZcP7m
#windows #windowseat #windowshoppingâ€¦ https://t.co/O4JISaX0up"
"120",0,"Asus Zenfone 5 with 5.7-inch FHD+ MWC 2018 #asus #AsusZenfone #AsusZenfone5 #featured https://t.co/fOWYyDZMOR https://t.co/wpRvzPvuoD"
"121",0,"Asus Zenfone 5 (X00PD): svelati i dettagli del primo della nuova serie https://t.co/RfsbTj15K1 #Informatica #Telefonia #asus"
"122",1,"#WIN AN #ASUS #ROG #GAMING #MONITOR #GIVEAWAY

Follow @AthleticoES &amp; RT to Enter

@HyperRTs #csgogiveawaysâ€¦ https://t.co/5Yq9uqnI8r"
"123",1,"Cool #asus lolz https://t.co/mVRWnDrgmq"
"124",-3,"Streaming something new and scary at 8pm EST, Hollow! #twitch #pc #pcgaming #hollow #steam #asus #roccatâ€¦ https://t.co/nm3SMd2pa7"
"125",0,"Te regalo 5 gigas de almacenamiento para que pruebes #ASUS #WebStorage, regÃ­strate en el linkâ€¦ https://t.co/PuP1WOBFXW"
"126",1,"RT @C4ETech: Zenfone 3 is on Oreo! #Respect #Asus"
"127",1,"#WIN AN #ASUS #ROG #GAMING #MONITOR #GIVEAWAY

Follow @AthleticoES &amp; RT to Enter

@HyperRTs #csgogiveawaysâ€¦ https://t.co/VCKUTTvC07"
"128",0,"ZenFone4 Selfieã®Proãƒ¢ãƒ¼ãƒ‰ã§RAWæ’®å½±ã—ã¦ç¾åƒã—ãŸå†™çœŸã§ã™ã€‚
ã‚ã¾ã‚Šæ™‚é–“ã‚’ã‹ã‘ãšã«ç¾åƒã—ãŸã®ã§ã‹ãªã‚Šé›‘ã§ã™ãŒã€ãã‚Œãªã‚Šã«ç¶ºéº—ã«æ’®å½±å‡ºæ¥ã¦ã„ã‚‹ã®ãŒåˆ†ã‹ã‚‹ã¨æ€ã„ã¾ã™ã€‚

#ASUSâ€¦ https://t.co/Bncnzzy10S"
"129",0,"ZenFone4 Selfie Proã®ãƒ¬ãƒ“ãƒ¥ãƒ¼ã‚’æ›¸ãã¾ã—ãŸï¼

ç„¡ããªã£ã¦ã—ã¾ã£ãŸã¨æ€ã£ãŸã‚¹ãƒ”ãƒ³åŠ å·¥ãŒé›»æºãƒœã‚¿ãƒ³ã ã‘ã§ã™ãŒã¤ã„ã¦ãŠã‚Šã€ZenFoneãƒ•ã‚¡ãƒ³ãªã‚‰å°‘ã—å¬‰ã—ããªã‚‹1å°ã ã¨æ€ã„ã¾ã™ã€‚â€¦ https://t.co/BDC8KBwe36"
"130",0,"#ASUS #ZenBook Flip S Ã¨ un piccolo capolavoro di ingegneria!
Grazie alla cerniera ErgoLift 360Â° si adatta ad ogni sâ€¦ https://t.co/Yi1zLy6EtW"
"131",0,"#PortÃ¡tiles #ASUS a los mejores precios desde 229 â‚¬ Â¡No te lo pierdas!: https://t.co/gIjhxdVxP8"
"132",1,"#WIN AN #ASUS #ROG #GAMING #MONITOR #GIVEAWAY

Follow @AthleticoES &amp; RT to Enter

@HyperRTs #csgogiveawaysâ€¦ https://t.co/1R5cdThGW6"
"133",0,"Te regalo 5 gigas de almacenamiento para que pruebes #ASUS #WebStorage, regÃ­strate en el linkâ€¦ https://t.co/ZfuhocQf78"
"134",0,"#PortÃ¡tiles #ASUS a los mejores precios desde 229 â‚¬ Â¡No te lo pierdas!: https://t.co/HWOSwmTsEe"
"135",0,"Yeeeheey nagawa ko hahaha #ASUS âœ¨ https://t.co/OhYHWlMKMP"
"136",0,"#PortÃ¡tiles #ASUS a los mejores precios desde 229 â‚¬ Â¡No te lo pierdas!: https://t.co/Kpf1YkpFp9"
"137",0,"ASUSÂ TA-915 450W https://t.co/hPo2U8LwL0 #ASUS"
"138",0,"#Asus Zenfone 5â€™in tasarÄ±mÄ± sÄ±zdÄ±rÄ±ldÄ± https://t.co/drOBy8w1gh #ceptelefonlarÄ±"
"139",1,"RT @C4ETech: Zenfone 3 is on Oreo! #Respect #Asus"
"140",0,"Asus Zenfone 5 Ğ·Ğ°ÑĞ²ĞµÑ‚Ğ¸Ğ»ÑÑ Ğ½Ğ° Ğ½Ğ¾Ğ²Ğ¾Ğ¼ Ñ€ĞµĞ½Ğ´ĞµÑ€Ğµ... #Asus #AsusZenfone5 https://t.co/SG89beD3P2"
"141",1,"#WIN AN #ASUS #ROG #GAMING #MONITOR #GIVEAWAY

Follow @AthleticoES &amp; RT to Enter

@HyperRTs #csgogiveawaysâ€¦ https://t.co/7HOkStQVL7"
"142",0,"RT @gadget_walker: ASUS Zenfone 5ã®ãƒãƒ‹ãƒ¥ã‚¢ãƒ«ãŒæµå‡ºã—ãƒ‡ã‚¶ã‚¤ãƒ³ãŒåˆ¤æ˜ ãƒ¼ 5.7ã‚¤ãƒ³ãƒç¸¦é•·ãƒ‡ã‚£ã‚¹ãƒ—ãƒ¬ã‚¤æ­è¼‰ https://t.co/7yi9vWR6wY #ASUS #Zenfone5ã‚·ãƒªãƒ¼ã‚º"
"143",0,"Te regalo 5 gigas de almacenamiento para que pruebes #ASUS #WebStorage, regÃ­strate en el linkâ€¦ https://t.co/RDZsunoWKj"
"144",1,"RT @Ops_Commamder: #WIN AN #ASUS #ROG #GAMING #MONITOR #GIVEAWAY

Follow @AthleticoES &amp; RT to Enter

@HyperRTs #csgogiveaways #csgogiveawayâ€¦"
"145",1,"RT @C4ETech: Zenfone 3 is on Oreo! #Respect #Asus"
"146",0,"Asus #ZenFone5 design details revealed ahead of its launch: What we know so far

@ASUSIndia #Asus

https://t.co/YwANdIkFKo"
"147",1,"RT @Ops_Commamder: #WIN AN #ASUS #ROG #GAMING #MONITOR #GIVEAWAY

Follow @AthleticoES &amp; RT to Enter

@HyperRTs #csgogiveaways #csgogiveawayâ€¦"
"148",0,"Seja bem vindo Android Oreo. #ZenFone4 #AsusBr @asusbr #Mobile #Asus #Google"
"149",0,"RT @Aer02k13: Da ist es! Stream setup v2! #Asus #AsusROG #republicofgamers #roccat #logitech #behringer #steinberg #Samsung #Elgato #LG #Liâ€¦"
"150",-1,"Asus Zenfone 5 renders leak [18:9-Display] #Asus #Zenfone5 #news #Mobile https://t.co/THRvlug7Bi"
"151",-1,"Asus Zenfone 5 renders leak [18:9-Display] #Asus #Zenfone5 #news #Mobile   https://t.co/4mePqDkC1P"
"152",-1,"Asus Zenfone 5 renders leak [18:9-Display] #Asus #Zenfone5 #news #Mobile   https://t.co/1f6D2CSyrh"
"153",1,"#WIN AN #ASUS #ROG #GAMING #MONITOR #GIVEAWAY

Follow @AthleticoES &amp; RT to Enter

@HyperRTs #csgogiveawaysâ€¦ https://t.co/1jm2q1fFhZ"
"154",1,"RT @C4ETech: Zenfone 3 is on Oreo! #Respect #Asus"
"155",0,"Vrhunski in cenovno ugodni izbor | Prenosnik ASUS X554LA-XX1180D - #ASUS za 384.05â‚¬ - 070 390 664 -â€¦ https://t.co/bvf63Y2bYs"
"156",1,"RT @C4ETech: Zenfone 3 is on Oreo! #Respect #Asus"
"157",3,"PiÃ¹ smart, piÃ¹ easy, piÃ¹ friendly: insomma piÃ¹ #ASUS #ZenFone4 Max! Scopri i vantaggi dell'ultima #ZenUi í ½í±‰â€¦ https://t.co/XdlaEkJzC3"
"158",1,"#WIN AN #ASUS #ROG #GAMING #MONITOR #GIVEAWAY

Follow @AthleticoES &amp; RT to Enter

@HyperRTs #csgogiveawaysâ€¦ https://t.co/zjbyYdTCjt"
"159",0,"LesAndroides : Lâ€™Asus ZenPad 10 Z301MF : un Ã©cran fullHD dans une tablette assez abordable #Asus #marque #NonclassÃ©â€¦ https://t.co/KAM2MMdh2Z"
"160",0,"Te regalo 5 gigas de almacenamiento para que pruebes #ASUS #WebStorage, regÃ­strate en el linkâ€¦ https://t.co/r66gurEg0U"
"161",0,"RT @asus_russia: ĞŸĞ¾ÑĞ¼Ğ¾Ñ‚Ñ€Ğ¸, ĞºĞ°ĞºĞ¸Ğµ ĞºÑ€Ğ°ÑĞ¸Ğ²Ñ‹Ğµ ÑĞ½Ğ¸Ğ¼ĞºĞ¸ ÑĞ´ĞµĞ»Ğ°Ğ»Ğ¸ Ñ„Ğ¾Ñ‚Ğ¾Ğ³Ñ€Ğ°Ñ„Ñ‹ ÑĞ¾ Ğ²ÑĞµĞ³Ğ¾ Ğ¼Ğ¸Ñ€Ğ° Ğ½Ğ° ÑĞ¼Ğ°Ñ€Ñ‚Ñ„Ğ¾Ğ½Ñ‹ ÑĞµÑ€Ğ¸Ğ¸ #ASUS #ZenFone_4. 
ĞŸĞ¾ĞºĞ°Ğ¶Ğ¸, Ğ° ĞºĞ°ĞºĞ¸Ğµ ÑĞ½Ğ¸Ğ¼â€¦"
"162",1,"RT @yomaltes: Asus Maximus Hero IX #asusrog #asus #pcgamer #pcgaming #setupwars #gaming #gamer https://t.co/oiu0m7YU1I"
"163",0,"Say hi to water 
.
.
.
.
.
.
.
.
#photographyart #photograph
#enjoyhmÂ #asusÂ #zenfoneâ€¦ https://t.co/Owoq7jHGFr"
"164",1,"#WIN AN #ASUS #ROG #GAMING #MONITOR #GIVEAWAY

Follow @AthleticoES &amp; RT to Enter

@HyperRTs #csgogiveawaysâ€¦ https://t.co/5wgqwWsTZV"
"165",1,"RT @C4ETech: Zenfone 3 is on Oreo! #Respect #Asus"
"166",0,"ASUS MeMO Pad 8 AST21 auï¼ˆrootåŒ–æ¸ˆã¿ï¼‰ã®ä¸è¦ã‚¢ãƒ—ãƒªã‚’æ•´ç†ã™ã‚‹ https://t.co/Pt1iKjDGH5 https://t.co/FefEBKNAEF #é€šä¿¡ #802.11ac #è©•åˆ¤ #ASUS"
"167",1,"RT @Ops_Commamder: #WIN AN #ASUS #ROG #GAMING #MONITOR #GIVEAWAY

Follow @AthleticoES &amp; RT to Enter

@HyperRTs #csgogiveaways #csgogiveawayâ€¦"
"168",0,"@AkashUpdate What do you think about #ASUS smartphones? Are they value for money?"
"169",1,"RT @C4ETech: Zenfone 3 is on Oreo! #Respect #Asus"
"170",0,"RT @SidTechWorld: Asus Zenfone 5 with Dual Cameras Leaked - Launch at MWC 2018

Also Read:
https://t.co/2hCgzPyaJw

#ASUS #Zenfone5 #MWC18â€¦"
"171",0,"RT @SidTechWorld: Asus Zenfone 5 with Dual Cameras Leaked - Launch at MWC 2018

Also Read:
https://t.co/2hCgzPyaJw

#ASUS #Zenfone5 #MWC18â€¦"
"172",0,"RT @Tech2143: #ASUS @ASUS
#AsusZenFone5 #ZenFone5 #Leaked it runs Snapdragon 430 &amp; ""Android Oreo"".
#tech #news #TechNewsUpdate #Tech2143 htâ€¦"
"173",0,"RT @Tech2143: #ASUS @ASUS
#AsusZenFone5 #ZenFone5 #Leaked it runs Snapdragon 430 &amp; ""Android Oreo"".
#tech #news #TechNewsUpdate #Tech2143 htâ€¦"
"174",0,"Asus Zenfone 5 with Dual Cameras Leaked - Launch at MWC 2018

Also Read:
https://t.co/2hCgzPyaJw

#ASUS #Zenfone5â€¦ https://t.co/vKtY5gwHj6"
"175",0,"ASUS Zenfone 5ã®ãƒãƒ‹ãƒ¥ã‚¢ãƒ«ãŒæµå‡ºã—ãƒ‡ã‚¶ã‚¤ãƒ³ãŒåˆ¤æ˜ ãƒ¼ 5.7ã‚¤ãƒ³ãƒç¸¦é•·ãƒ‡ã‚£ã‚¹ãƒ—ãƒ¬ã‚¤æ­è¼‰ https://t.co/7yi9vWR6wY #ASUS #Zenfone5ã‚·ãƒªãƒ¼ã‚º"
"176",0,"#ASUS @ASUS
#AsusZenFone5 #ZenFone5 #Leaked it runs Snapdragon 430 &amp; ""Android Oreo"".
#tech #news #TechNewsUpdateâ€¦ https://t.co/OMWRAk0Aq9"
"177",0,"@nokiamobile @sarvikas very disappointed with Nokia support, service,, have been using Nokia 6 since 5 months, andâ€¦ https://t.co/wdkY0mYmPO"
"178",1,"RT @Ops_Commamder: #WIN AN #ASUS #ROG #GAMING #MONITOR #GIVEAWAY

Follow @AthleticoES &amp; RT to Enter

@HyperRTs #csgogiveaways #csgogiveawayâ€¦"
"179",1,"RT @Ops_Commamder: #WIN AN #ASUS #ROG #GAMING #MONITOR #GIVEAWAY

Follow @AthleticoES &amp; RT to Enter

@HyperRTs #csgogiveaways #csgogiveawayâ€¦"
"180",1,"#WIN AN #ASUS #ROG #GAMING #MONITOR #GIVEAWAY

Follow @AthleticoES &amp; RT to Enter

@HyperRTs #csgogiveawaysâ€¦ https://t.co/kuWrFxt5Ad"
"181",1,"RT @deetur96: #WIN AN #ASUS #ROG #GAMING #MONITOR #GIVEAWAY

Follow @AthleticoES &amp; RT to Enter

@HyperRTs #csgogiveaways #csgogiveaway httpâ€¦"
"182",1,"#WIN AN #ASUS #ROG #GAMING #MONITOR #GIVEAWAY

Follow @AthleticoES &amp; RT to Enter

@HyperRTs #csgogiveawaysâ€¦ https://t.co/Y8DVSqyLiJ"
"183",0,"Appear Asus Zenfone 5 with FHD + 5.7 Inch screen and Dual Camera
#Asus #Zenfone5 #MWC2018

https://t.co/Ya0aUPog3Y"
"184",1,"RT @C4ETech: Zenfone 3 is on Oreo! #Respect #Asus"
"185",0,"Te regalo 5 gigas de almacenamiento para que pruebes #ASUS #WebStorage, regÃ­strate en el linkâ€¦ https://t.co/NUjhqADoGd"
"186",0,"RT @AkashUpdate: New #Asus phone Images leaked with vertical camera placement and 18:9 display (Zenphone 5)

May launch in #MWC2018 https:/â€¦"
"187",1,"RT @C4ETech: Zenfone 3 is on Oreo! #Respect #Asus"
"188",0,"#powerbook #vivobooks15 #asus #unboxing #laptop #notebook #gaming #quality #mediamarktmademydayâ€¦ https://t.co/DjAcMZNPiF"
"189",2,"RT @i_heart_Indie: my #ASUS #Transformer #Windows #tablet #PC is my preferred way to play #Celeste. Such an awesome #indiegame. Happy thatâ€¦"
"190",0,"RT @AkashUpdate: New #Asus phone Images leaked with vertical camera placement and 18:9 display (Zenphone 5)

May launch in #MWC2018 https:/â€¦"
"191",0,"New #Asus phone Images leaked with vertical camera placement and 18:9 display (Zenphone 5)

May launch in #MWC2018 https://t.co/x5caVJngSG"
"192",2,"RT @i_heart_Indie: my #ASUS #Transformer #Windows #tablet #PC is my preferred way to play #Celeste. Such an awesome #indiegame. Happy thatâ€¦"
"193",2,"my #ASUS #Transformer #Windows #tablet #PC is my preferred way to play #Celeste. Such an awesome #indiegame. Happyâ€¦ https://t.co/uImXWcctED"
"194",1,"#WIN AN #ASUS #ROG #GAMING #MONITOR #GIVEAWAY

Follow @AthleticoES &amp; RT to Enter

@HyperRTs #csgogiveawaysâ€¦ https://t.co/gqOMuTiQRb"
"195",0,"RT @DerWahreKoyso: Heute Umzug und ein neuer Abschnitt ab morgen í ½í¸í ½í¸‰í ½í¸í ½í²ª

#Youtube #samstag #boy #musikismylife #asusâ€¦ https://t.co/6oac7zOzXw"
"196",0,"RT @gaming_god_piyo: å­¦æ ¡å¸°ã‚Šã«å…¬åœ’ã§åˆ¶æœãƒ‡ãƒ¼ãƒˆí ½í²•

#ASUSã¨ãƒ‡ãƒ¼ãƒˆãªã† 
#ASUS
#GeForce
#GTX1070 https://t.co/NLSW9bbLIe"
"197",0,"@MXASUS Ayer me entregaron el equipo-mala atenciÃ³n de @SintegMX - y sigue igual, @MXASUS no da un soporte y soluciÃ³â€¦ https://t.co/VPcTuhVGZG"
"198",1,"RT @C4ETech: Zenfone 3 is on Oreo! #Respect #Asus"
"199",1,"RT @C4ETech: Zenfone 3 is on Oreo! #Respect #Asus"
"200",0,"Heute Umzug und ein neuer Abschnitt ab morgen í ½í¸í ½í¸‰í ½í¸í ½í²ª

#Youtube #samstag #boy #musikismylife #asusâ€¦ https://t.co/6oac7zOzXw"
"201",1,"RT @C4ETech: Zenfone 3 is on Oreo! #Respect #Asus"
"202",1,"RT @C4ETech: Zenfone 3 is on Oreo! #Respect #Asus"
"203",0,"RT @mrfragz: Heute gab es schon wieder ein neues Firmware Update fÃ¼r das #Asus #Transformer und ich finde nirgendwo ein Changelog?!"
"204",1,"#WIN AN #ASUS #ROG #GAMING #MONITOR #GIVEAWAY

Follow @AthleticoES &amp; RT to Enter

@HyperRTs #csgogiveawaysâ€¦ https://t.co/Xfy0QYkRjd"
"205",0,"Asus Zenfone 5 sÄ±zdÄ±rÄ±ldÄ±! iPhone X benzeri detay dikkat Ã§ekiyor

#Asus #ZenFone5 #Teknoburada https://t.co/EoFIyst3mF"
"206",1,"RT @C4ETech: Zenfone 3 is on Oreo! #Respect #Asus"
"207",0,"On Sale Now: #ASUS #ZenFone 3 #Max #ZC520TL #Smartphone, 5.2-inch, #16GB (... â€“ $129.99 â€“ #52inch #Mobile_Accessories - ..."
"208",0,"ĞĞ¶Ğ¸Ğ´Ğ°ĞµĞ¼ #ASUS #Zenfone 5 (X00PD): 5,7-Ğ´ÑĞ¹Ğ¼Ğ¾Ğ²Ñ‹Ğ¹ Ğ´Ğ¸ÑĞ¿Ğ»ĞµĞ¹ 18:9 Ğ¸ SnapdragonÂ 430 | ĞŸĞµÑ€Ğ²Ñ‹Ğ¹ Ğ¾Ğ±Ğ·Ğ¾Ñ€ https://t.co/YaOz6qvBMl"
"209",0,"ASUS Nexus7 ( 2013 ) ( Android / 7inch / APQ8064 / 2G / 16G / BT4 ) https://t.co/62OFgJmgNG  #ã‚¿ãƒ–ãƒ¬ãƒƒãƒˆ #ASUS https://t.co/nMhC8DPjPd"
"210",1,"RT @C4ETech: Zenfone 3 is on Oreo! #Respect #Asus"
"211",0,"Android 8 i yÃ¼kledim hÄ±zlÄ± not uygulamasÄ± kaldÄ±rÄ±lmÄ±ÅŸ. Ä°Ã§indeki notlarÄ±m silindi. Geri dÃ¶nÃ¼ÅŸÃ¼ yokmu maÄŸdurum? #ASUS @ASUSTR  #AndroidOreo"
"212",0,"Te regalo 5 gigas de almacenamiento para que pruebes #ASUS #WebStorage, regÃ­strate en el linkâ€¦ https://t.co/AvB2ZJld5l"
"213",0,"ä»Šã‚„ã‚¹ãƒãƒ›ãƒ¡ãƒ¼ã‚«ãƒ¼ã§ï¼“æœ¬ã®æŒ‡ã«å…¥ã‚‹ASUSãŒé€ã‚‹ã€é«˜å“è³ªãªzenfoneã‚·ãƒªãƒ¼ã‚ºã«æœ€æ–°ã®4ãŒç™»å ´ï¼å®šè©•ã®ã‚ã‚‹ã‚«ãƒ¡ãƒ©ã‚’ãƒ‡ãƒ¥ã‚¢ãƒ«ãƒ¬ãƒ³ã‚ºã«ã—ã¦ã•ã‚‰ã«ãƒ‘ãƒ¯ãƒ¼ã‚¢ãƒƒãƒ—ï¼çµ¶å¯¾ã«å¤–ã—ãŸããªã„äººã«ã‚ªã‚¹ã‚¹ãƒ¡ãª1å°ï¼â€¦ https://t.co/NpDHeY5ECR"
"214",0,"#ASUS #ZenFone5 na najbliÅ¼szym #MWC w #Barcelona https://t.co/90RqPDBpjO"
"215",1,"RT @C4ETech: Zenfone 3 is on Oreo! #Respect #Asus"
"216",1,"RT @C4ETech: Zenfone 3 is on Oreo! #Respect #Asus"
"217",1,"RT @C4ETech: Zenfone 3 is on Oreo! #Respect #Asus"
"218",0,"RT @Slashleaks: #Asus - #Zenfone5 - ASUS ZenFone 5 user manual reveals design from all angles https://t.co/TxFrKCUdis https://t.co/m8faT1RQâ€¦"
"219",1,"RT @C4ETech: Zenfone 3 is on Oreo! #Respect #Asus"
"220",0,"-12% #eBayDE #Angebote - #ASUS 15.6\"" FHD Core i5 8GB RAM 1TB HDD GTX 1050 2GB https://t.co/NDen8e0wcs https://t.co/CNUuVRnG4y"
"221",1,"RT @C4ETech: Zenfone 3 is on Oreo! #Respect #Asus"
"222",1,"RT @C4ETech: Zenfone 3 is on Oreo! #Respect #Asus"
"223",0,"Housse NEUVE SAMSONITE pour tablette 9,7"" max

Prix 14.99 â‚¬ Livraison gratuite France mÃ©tropolitaineâ€¦ https://t.co/NlR1AweOrX"
"224",1,"RT @C4ETech: Zenfone 3 is on Oreo! #Respect #Asus"
"225",1,"RT @C4ETech: Zenfone 3 is on Oreo! #Respect #Asus"
"226",1,"RT @C4ETech: Zenfone 3 is on Oreo! #Respect #Asus"
"227",0,"Da ist es! Stream setup v2! #Asus #AsusROG #republicofgamers #roccat #logitech #behringer #steinberg #Samsungâ€¦ https://t.co/tW8Yr1hAM7"
"228",1,"RT @C4ETech: Zenfone 3 is on Oreo! #Respect #Asus"
"229",1,"RT @C4ETech: Zenfone 3 is on Oreo! #Respect #Asus"
"230",1,"RT @C4ETech: Zenfone 3 is on Oreo! #Respect #Asus"
"231",1,"RT @C4ETech: Zenfone 3 is on Oreo! #Respect #Asus"
"232",1,"Zenfone 3 is on Oreo! #Respect #Asus"
"233",0,"Asus ZenFone 5 filtrado con pantalla 18:9 y cÃ¡mara trasera tipo iPhone X - https://t.co/QqHtrANoYu

#Androidâ€¦ https://t.co/gXfgQo7fM8"
"234",1,"#WIN AN #ASUS #ROG #GAMING #MONITOR #GIVEAWAY

Follow @AthleticoES &amp; RT to Enter

@HyperRTs #csgogiveawaysâ€¦ https://t.co/FQ6dFfWtvb"
"235",0,"#PortÃ¡tiles #ASUS a los mejores precios desde 229 â‚¬ Â¡No te lo pierdas!: https://t.co/GsMLAkeBXO"
"236",1,"#WIN AN #ASUS #ROG #GAMING #MONITOR #GIVEAWAY

Follow @AthleticoES &amp; RT to Enter

@HyperRTs #csgogiveawaysâ€¦ https://t.co/vTEzeotB9W"
"237",0,"ØªØ­ØªØ§Ø¬ Ù„Ø§Ø¨ØªÙˆØ¨ Ù…Ø¹ ÙƒØ±Øª Ø´Ø§Ø´Ø© Ù…Ù†Ø§Ø³Ø¨ Ù„Ù…Ø¹Ø§Ù„Ø¬Ø© Ø§Ù„ØµÙˆØ± ÙˆØ§Ù„ÙÙŠØ¯ÙŠÙˆÙ‡Ø§Øª ÙˆØ§Ù„ØªØµÙ…ÙŠÙ… ÙˆÙÙŠ Ù†ÙØ³ Ø§Ù„ÙˆÙ‚Øª Ø®ÙÙŠÙ ÙˆÙ†Ø­ÙŠÙ Ùˆ Ø§Ù†ÙŠÙ‚..
#ASUS #Zenbookâ€¦ https://t.co/fQtIdurrAa"
"238",0,"ASUS Cine5 https://t.co/WZ7NS7pmoe #ASUS"
"239",0,"Te regalo 5 gigas de almacenamiento para que pruebes #ASUS #WebStorage, regÃ­strate en el linkâ€¦ https://t.co/f87Vi2aGWa"
"240",0,"ï¼œ#æ¥½å¤©ãŠè²·ã„ç‰©ãƒãƒ©ã‚½ãƒ³ é–‹å‚¬ä¸­ï¼ï¼
ã€#SIMãƒ•ãƒªãƒ¼ã‚¹ãƒãƒ›ã€‘ãƒˆãƒªãƒ—ãƒ«ã‚¹ãƒ­ãƒƒãƒˆæ­è¼‰ã§ã€å¤šå½©ãªä½¿ã„æ–¹ãŒå¯èƒ½ã€‚è³¢ãé€šä¿¡é‡ã‚’æŠ‘ãˆã‚‰ã‚Œã€åŒæ™‚ã«å¤§å®¹é‡ãƒ‡ãƒ¼ã‚¿ã‚’SDã‚«ãƒ¼ãƒ‰ã«ä¿å­˜å¯èƒ½ã€#ASUS ZenFone 4 Max Pro ã€ç¨æŠœ29,â€¦ https://t.co/0GHLbYgqVH"
"241",0,"#weekend #weekendproject #nvidia #nvidia1060 #asus #pcmasterrace #intel #i7 https://t.co/fGKAnDe2ke https://t.co/VjtV8oViSV"
"242",0,"Non-stop Performance-Asus #ZenBook UX310 https://t.co/rzrNCsk3PH #asus #business"
"243",0,"ï¼œ#æ¥½å¤©ãŠè²·ã„ç‰©ãƒãƒ©ã‚½ãƒ³ é–‹å‚¬ä¸­ï¼ï¼
ã€#ä¸­å¤ #ã‚¿ãƒ–ãƒ¬ãƒƒãƒˆPCã€‘
éƒ½ä¼šçš„ã§æ´—ç·´ã•ã‚ŒãŸãƒ‡ã‚¶ã‚¤ãƒ³ã®ã€è¶…è»½é‡ã‚¹ãƒªãƒ ãƒœãƒ‡ã‚£ãƒ¼ã€LTEå¯¾å¿œSIMãƒ•ãƒªãƒ¼7ã‚¤ãƒ³ãƒã‚¿ãƒ–ãƒ¬ãƒƒãƒˆã€#ASUS MeMo Pad 7 ME572CL-BK16LTE ã‚¸â€¦ https://t.co/NLBOZNIHMk"
"244",-1,"Asus ZenFone 5 get leaked with 18:9 display and iPhone X-like rear camera #Asus #ZenFone5 #leak #smartphone #18:9â€¦ https://t.co/zEmADV6jp8"
"245",0,"Problemi notifiche WhatsApp su Asus ZenFone 3 con aggiornamento Oreo: 3 soluzioni utili #asus #mobile #whatsappâ€¦ https://t.co/RlU44iXtf5"
"246",-1,"Grimmige Legenden 2 Das Lied des dunklen Schwans #Gaming #RÃ¤tselspiel
#Asus #Nvidia https://t.co/4R0BGHFRqd"
"247",0,"Te regalo 5 gigas de almacenamiento para que pruebes #ASUS #WebStorage, regÃ­strate en el linkâ€¦ https://t.co/TB5HRFF3Bv"
"248",0,"#ASUS Zenfone 5 X00PD Ğ¥Ğ°Ñ€Ğ°ĞºÑ‚ĞµÑ€Ğ¸ÑÑ‚Ğ¸ĞºĞ¸ Ğ¸ Ñ„Ğ¾Ñ‚Ğ¾Ğ³Ñ€Ğ°Ñ„Ğ¸Ğ¸ Ğ¿Ñ€Ğ¾ÑĞ¾Ñ‡Ğ¸Ğ»Ğ¸ÑÑŒ Ğ² Ğ¿Ñ€ĞµĞ´Ğ´Ğ²ĞµÑ€Ğ¸Ğ¸ Ğ·Ğ°Ğ¿ÑƒÑĞºĞ°: Ğ•Ñ‰Ğµ Ğ²â€¦ https://t.co/7pwE2lFmQC"
"249",0,"í ½í¸±í ¼í¿Ší ¼í¼«ï¸í ¼í¿ƒí ½í²¨í ½í´«í ½í±º #spoilers #fuerzabruta #asus #asuscomfuerza #asusbrasil @ Citibank Hall https://t.co/dIRy0WIpF1"
"250",0,"RT @Slashleaks: #Asus - #Zenfone5 - ASUS ZenFone 5 user manual reveals design from all angles https://t.co/TxFrKCUdis https://t.co/m8faT1RQâ€¦"
"251",0,"#vekkvlog #ssd #asusnotebook #ssdm2 #m2ssd #m2 #asusitalia #crucial #modding #notebook #laptop #sata #satam2â€¦ https://t.co/v68DOryHyo"
"252",0,"Montando equipos nuevos, siempre ASUS.#sat #venta #sanfernando #tienda #informatica #asusâ€¦ https://t.co/Pq2pDCJmc9"
"253",1,"#WIN AN #ASUS #ROG #GAMING #MONITOR #GIVEAWAY

Follow @AthleticoES &amp; RT to Enter

@HyperRTs #csgogiveawaysâ€¦ https://t.co/MEuTpIbUSG"
"254",0,"RT @dospara_honten: å…‰ã‚‹ã ã‘ã˜ã‚ƒãªã„ï¼
ãƒã‚¤ã‚¯ãƒ­ãƒƒã‚¯ãƒ¡ãƒ¢ãƒªã‚‚ãŠã¾ã‹ã›ãªASUSè£½ãƒã‚¶ãƒ¼ãƒœãƒ¼ãƒ‰ã®ç´¹ä»‹ä¸­ï¼
#ASUS #ãƒ‰ã‚¹ãƒ‘ãƒ© #ç§‹è‘‰åŸæœ¬åº— #akiba #ã‚¤ãƒ™ãƒ³ãƒˆ #ãƒ‰ã‚¹ãƒ‘ãƒ©TV https://t.co/KskvfrLbXo"
"255",0,"Makasih buat @ASUS_Indonesia  buat kiriman POLO #ROG . 

Mantep abis buat kondangan.
#ASUS 
#AsusAja
#WeAreROGâ€¦ https://t.co/m7bcY6d6Xe"
"256",1,"Sigurni smo da razumete Å¡ta hoÄ‡emo da vam kaÅ¾emo. í ½í¸‰
#ASUS #ZenFone #ZenFone3 #Android #Oreo #Update #Sweet https://t.co/OoY5Gjinn5"
"257",0,"#FUJITSU #FREETEL #HUAWEI #ASUS #motorola #ZTE #alcateã€€ã‚·ãƒ ãƒ•ãƒªãƒ¼ã‚¹ãƒãƒ›ã®ã‚±ãƒ¼ã‚¹ã€ãƒ•ã‚£ãƒ«ãƒ ã‚ã‚Šã¾ã™ï¼ã€€052-252-7007"
"258",0,"RT @Slashleaks: #Asus - #Zenfone5 - ASUS ZenFone 5 user manual reveals design from all angles https://t.co/TxFrKCUdis https://t.co/m8faT1RQâ€¦"
"259",1,"Now, Setup your Asus #router instantly by taking assistance from the team of experts. Our experts are there to helpâ€¦ https://t.co/cj87I8hbp3"
"260",0,"#Asus, cosÃ¬ il nuovo #ZenFone5? Via @rquandt https://t.co/mRP1JeKGuR"
"261",1,"[ í ½í´¥ #BONPLAN #HIGHTECH ] â­ï¸ #ASUS #PC Portable F540LA-XX1077T - 15,6"" - RAM 4Go - Intel Core i3-5005U - Stockage 1Tâ€¦ https://t.co/HgKU5vxnkQ"
"262",0,"Te regalo 5 gigas de almacenamiento para que pruebes #ASUS #WebStorage, regÃ­strate en el linkâ€¦ https://t.co/7PZVlYD8rj"
"263",0,"RT @Slashleaks: #Asus - #Zenfone5 - ASUS ZenFone 5 user manual reveals design from all angles https://t.co/TxFrKCUdis https://t.co/m8faT1RQâ€¦"
"264",0,"í ½í¸³ #Windows #Windows10 #ASUS https://t.co/PRi0blKKDu"
"265",0,"#asus #rog #gaming #gamer #wahrebegebenheit #isso https://t.co/uUUERIm1pD"
"266",0,"ã€#ã‚²ãƒ¼ãƒŸãƒ³ã‚°ã€‘#ã‚½ãƒ•ãƒãƒƒãƒ— 1æœˆåº¦è²©å£²ãƒ©ãƒ³ã‚­ãƒ³ã‚°ï¼‘ä½ ã®ï½¢#ã‚²ãƒ¼ãƒŸãƒ³ã‚°æ¶²æ™¶ãƒ¢ãƒ‹ã‚¿ãƒ¼ã€ã¯ã€#ASUSã€VG248QE-J ãƒ‡ãƒ¥ã‚¢ãƒ«ãƒªãƒ³ã‚¯æ­è¼‰24å‹ãƒ¯ã‚¤ãƒ‰æ¶²æ™¶ãƒ¢ãƒ‹ã‚¿ãƒ¼ã€â‡’https://t.co/2giVLPPKrYã€€ãã®ä»–ã‚²ãƒ¼ãƒŸãƒ³â€¦ https://t.co/pWJP5axQxt"
"267",1,"RT @OnTrack_mobiles: A Proper Gaming Laptop? ASUS ROG Chimera G703VI  #ProperGamingLaptop #ROGChimeraG703VI #ASUS For #Mobile's,#Laptops anâ€¦"
"268",1,"I bought my Asus F541U #Laptop #Computer yo replace my 4-yr old #Asus X54C, because I was happy with the old one...â€¦ https://t.co/t5lPb0RQRE"
"269",0,"ĞŸĞ¾ÑĞ¼Ğ¾Ñ‚Ñ€Ğ¸, ĞºĞ°ĞºĞ¸Ğµ ĞºÑ€Ğ°ÑĞ¸Ğ²Ñ‹Ğµ ÑĞ½Ğ¸Ğ¼ĞºĞ¸ ÑĞ´ĞµĞ»Ğ°Ğ»Ğ¸ Ñ„Ğ¾Ñ‚Ğ¾Ğ³Ñ€Ğ°Ñ„Ñ‹ ÑĞ¾ Ğ²ÑĞµĞ³Ğ¾ Ğ¼Ğ¸Ñ€Ğ° Ğ½Ğ° ÑĞ¼Ğ°Ñ€Ñ‚Ñ„Ğ¾Ğ½Ñ‹ ÑĞµÑ€Ğ¸Ğ¸ #ASUS #ZenFone_4. 
ĞŸĞ¾ĞºĞ°Ğ¶Ğ¸, Ğ° ĞºĞ°Ğºâ€¦ https://t.co/s2DSXk3NGI"
"270",0,"RT @Slashleaks: #Asus - #Zenfone5 - ASUS ZenFone 5 user manual reveals design from all angles https://t.co/TxFrKCUdis https://t.co/m8faT1RQâ€¦"
"271",1,"[ í ½í´¥ #BONPLAN #HIGHTECH ] â­ï¸ #ASUS #PC Portable F540LA-XX1077T - 15,6"" - RAM 4Go - Intel Core i3-5005U - Stockage 1Tâ€¦ https://t.co/cxnnJOAPtZ"
"272",0,"RT @Slashleaks: #Asus - #Zenfone5 - ASUS ZenFone 5 user manual reveals design from all angles https://t.co/TxFrKCUdis https://t.co/m8faT1RQâ€¦"
"273",0,"RT @Slashleaks: #Asus - #Zenfone5 - ASUS ZenFone 5 user manual reveals design from all angles https://t.co/TxFrKCUdis https://t.co/m8faT1RQâ€¦"
"274",0,"ã€#ã‚²ãƒ¼ãƒŸãƒ³ã‚°ã€‘#ã‚½ãƒ•ãƒãƒƒãƒ— 1æœˆåº¦è²©å£²ãƒ©ãƒ³ã‚­ãƒ³ã‚°ï¼‘ä½ ã®ï½¢ã‚²ãƒ¼ãƒŸãƒ³ã‚°ãƒã‚¶ãƒ¼ãƒœãƒ¼ãƒ‰ï½£ã¯ã€ #ASUSã€ROG STRIX Z370-F GAMINGã€â‡’https://t.co/ZArG8D887f 

ãã®ä»–ã‚²ãƒ¼ãƒŸãƒ³ã‚°ã¯ã“ã¡ã‚‰â‡’â€¦ https://t.co/8bz6AEJEGR"
"275",0,"In This Video.. https://t.co/m29ZcO5Kzl I said id tweet a @CableMod discount code.. so here it is.. asus-b173c97da6â€¦ https://t.co/lttJgTSK1t"
"276",0,"RT @Slashleaks: #Asus - #Zenfone5 - ASUS ZenFone 5 user manual reveals design from all angles https://t.co/TxFrKCUdis https://t.co/m8faT1RQâ€¦"
"277",0,"RT @Slashleaks: #Asus - #Zenfone5 - ASUS ZenFone 5 user manual reveals design from all angles https://t.co/TxFrKCUdis https://t.co/m8faT1RQâ€¦"
"278",1,"RT @shiftyjam: #WIN AN #ASUS #ROG #GAMING #MONITOR #GIVEAWAY

Follow @AthleticoES &amp; RT to Enter

@HyperRTs #csgogiveaways #csgogiveaway httâ€¦"
"279",0,"RT @dospara_honten: æ‘äº•ã•ã‚“ã®è¡£è£…ã¨PCãŒã€ã¾ã•ã‹ã®AURA SYNCã§åŒæœŸï¼ï¼
#ASUS #ãƒ‰ã‚¹ãƒ‘ãƒ© #ç§‹è‘‰åŸæœ¬åº— #akiba #ã‚¤ãƒ™ãƒ³ãƒˆ #ãƒ‰ã‚¹ãƒ‘ãƒ©TV https://t.co/KltqMleniY"
"280",0,"RT @Slashleaks: #Asus - #Zenfone5 - ASUS ZenFone 5 user manual reveals design from all angles https://t.co/TxFrKCUdis https://t.co/m8faT1RQâ€¦"
"281",0,"RT @Slashleaks: #Asus - #Zenfone5 - ASUS ZenFone 5 user manual reveals design from all angles https://t.co/TxFrKCUdis https://t.co/m8faT1RQâ€¦"
"282",0,"RT @Slashleaks: #Asus - #Zenfone5 - ASUS ZenFone 5 user manual reveals design from all angles https://t.co/TxFrKCUdis https://t.co/m8faT1RQâ€¦"
"283",0,"#laptop #disassemble #youtube #creator #gaming #asus #r558ur https://t.co/wrMK5cVnCb"
"284",0,"#Asus - #Zenfone5 - ASUS ZenFone 5 user manual reveals design from all angles https://t.co/TxFrKCUdis https://t.co/m8faT1RQ6z"
"285",0,"EXCLUSIVO SOCIOS | ASUS ROG STRIX
PortÃ¡til Gaming GL753VD-GC092T
âœ… 17,3"" Full HD
âœ… Intel Core i7 7Âª Gen.
âœ… 8 GB deâ€¦ https://t.co/HH3pgjFH4x"
"286",1,"[ í ½í´¥ #BONPLAN #HIGHTECH ] â­ï¸ #ASUS #PC Portable F540LA-XX1077T -... https://t.co/UMBu9BCZx7"
"287",0,"This is the next step in the rigs evolution! #amd #corsair #asus https://t.co/K22pvcjBqJ"
"288",0,"ASUSã€ZenWatch2ã‚’11æœˆ11æ—¥ã«å›½å†…ç™ºè¡¨ã‹ï¼Ÿ https://t.co/yLtsNXnaDM #asus (éå»è¨˜äº‹)"
"289",0,"Te regalo 5 gigas de almacenamiento para que pruebes #ASUS #WebStorage, regÃ­strate en el linkâ€¦ https://t.co/7NG7VCckAR"
"290",0,"Hanya untuk hari ini...Beli sop buah Dapet ROG í ½í¸‹í ½í¸‹í ½í¸‹ 

#Asus #asusRog #games https://t.co/XSx8w43Ye2"
"291",1,"#WIN AN #ASUS #ROG #GAMING #MONITOR #GIVEAWAY

Follow @AthleticoES &amp; RT to Enter

@HyperRTs #csgogiveawaysâ€¦ https://t.co/m8Hm7dZzYF"
"292",0,"RT @just_inreviews: Asus GL503 Strix Edition Review: Your First Choice For Gaming?
#ASUS #GamingPC #technology 
To Know More : https://t.coâ€¦"
"293",0,"My new build is done!
i7-8700k, 1080 Ti ROG Strix, SSD2.0 960 EVO, 3000MHz DDR4 RAM.

#ASUS #Intel #300fps https://t.co/TZBLfCUrmT"
"294",0,"RT @dospara_honten: ã˜ã‚ƒã‚“ã‘ã‚“å¤§ä¼šé–‹å§‹ï¼
ä»Šå›ã¯é¬¼ãŒè±†ã‚’é…ã‚Šã¾ã™ã‚ˆãƒ¼ï¼

#ASUS #ãƒ‰ã‚¹ãƒ‘ãƒ© #ç§‹è‘‰åŸæœ¬åº— #akiba #ã‚¤ãƒ™ãƒ³ãƒˆ #ãƒ‰ã‚¹ãƒ‘ãƒ©TV https://t.co/Usqr0d1esS"
"295",0,"ã€æ›¸ãã¾ã—ãŸï¼ã€‘ã„ã¾ã•ã‚‰ZenWatch 2ã®ã‚¹ãƒãƒ¼ãƒ„ãƒãƒ³ãƒ‰ã‚’ãƒ¡ã‚¿ãƒ«ãƒãƒ³ãƒ‰ã«å¤‰ãˆã¦ã¿ãŸã€‚æ™‚è¨ˆã®ã‚¤ãƒ¡ãƒ¼ã‚¸ãŒå¤§ããå¤‰ã‚ã£ã¦é«˜ç´šæ„Ÿã‚¢ãƒƒãƒ—ï¼

https://t.co/0T4QebNyLC 

#ASUS #zenwatch https://t.co/bLkQZSMAli"
"296",0,"Il presunto design di ASUS ZenFone 5 svelato da alcune immagini leaked https://t.co/3cvjMJRxjW #ASUS #AsusZenFone5"
"297",0,"10 Laptop ASUS Tahun 2017 Pilihan Blog dotsemarang https://t.co/l57jurMl0E 
#Asus 
#blog"
"298",0,"-12% #eBayDE #Angebote - #ASUS 15.6\"" FHD Core i5 8GB RAM 1TB HDD GTX 1050 2GB https://t.co/NDen8e0wcs https://t.co/T2gASwjeKR"
"299",0,"#news #asus Zenfone 5, here are the alleged images of the new variant of the entry-level https://t.co/vfY5QTDP9P"
"300",1,"#WIN AN #ASUS #ROG #GAMING #MONITOR #GIVEAWAY

Follow @AthleticoES &amp; RT to Enter

@HyperRTs #csgogiveawaysâ€¦ https://t.co/wsLaPiJJjh"
"301",0,"Q code 8, no post. Thankfully its under warranty. 
#crosshair6hero #asus #bios https://t.co/YPBvu25Cv0"
"302",0,"RT @dospara_honten: ã˜ã‚ƒã‚“ã‘ã‚“å¤§ä¼šé–‹å§‹ï¼
ä»Šå›ã¯é¬¼ãŒè±†ã‚’é…ã‚Šã¾ã™ã‚ˆãƒ¼ï¼

#ASUS #ãƒ‰ã‚¹ãƒ‘ãƒ© #ç§‹è‘‰åŸæœ¬åº— #akiba #ã‚¤ãƒ™ãƒ³ãƒˆ #ãƒ‰ã‚¹ãƒ‘ãƒ©TV https://t.co/Usqr0d1esS"
"303",0,"Te regalo 5 gigas de almacenamiento para que pruebes #ASUS #WebStorage, regÃ­strate en el linkâ€¦ https://t.co/AlPVVCMBFU"
"304",0,"RT @dospara_honten: Coffee lakeã«ã¤ã„ã¦ã‚¢ãƒ„ãèª¬æ˜ã™ã‚‹é«˜æ©‹ã•ã‚“ã®å›³ã€‚

#ASUS #ãƒ‰ã‚¹ãƒ‘ãƒ© #ç§‹è‘‰åŸæœ¬åº— #akiba #ã‚¤ãƒ™ãƒ³ãƒˆ #ãƒ‰ã‚¹ãƒ‘ãƒ©TV https://t.co/3K4zzvwAmi"
"305",0,"RT @just_inreviews: Asus GL503 Strix Edition Review: Your First Choice For Gaming?
#ASUS #GamingPC #technology 
To Know More : https://t.coâ€¦"
"306",0,"ã€PCãƒ‘ãƒ¼ãƒ„ã€‘åœ¨åº«ã”ã–ã„ã¾ã™ï¼GPUæ¸©åº¦ãŒä¸Šæ˜‡ã—ãŸã¨ãã«ã®ã¿ãƒ•ã‚¡ãƒ³ã‚’å‹•ä½œã•ã›ã‚‹ã€Œã‚¼ãƒ­ãƒã‚¤ã‚ºãƒ•ã‚¡ãƒ³ã€æ©Ÿèƒ½æ­è¼‰ã€æº–ãƒ•ã‚¡ãƒ³ãƒ¬ã‚¹GTX 1060ã‚«ãƒ¼ãƒ‰ã€ASUS STRIX-GTX1060-DC2O6Gã€â€¦ https://t.co/zZtJFHXsao"
"307",-2,"RT @TravelSeeWrite: Meet my new BFF - #Asus Zenfone 2 Laser The dirty little secret about travel writing is that something has to go wrong.â€¦"
"308",1,"Asus Maximus Hero IX #asusrog #asus #pcgamer #pcgaming #setupwars #gaming #gamer https://t.co/oiu0m7YU1I"
"309",0,"Zenfone 3 Dapat Update Android Oreo https://t.co/JctboxqjvE 
#Asus 
#Blog"
"310",0,"RT @DaSquadGames: @YouTube #ASUS #RepublicOfGamers"
"311",0,"ã€æ•…éšœã€‘ASUS Zenbook3 èµ·å‹•ã—ãªããªã‚‹â†’ä¿®ç†ã¸ï¼»ASUSã®ã‚µãƒãƒ¼ãƒˆã‚’æ¤œè¨¼ï¼ï¼½https://t.co/CVEamRLqdO #ASUS #Zenbook #Windows10 https://t.co/A7AUkA9Hxy"
"312",0,"Asus Zenfone 3 resmi Mendapat Update Android 8.0 Oreo https://t.co/Tjwt96uGH9 #Asus #Berita https://t.co/9sI3igrPDx"
"313",0,"Te regalo 5 gigas de almacenamiento para que pruebes #ASUS #WebStorage, regÃ­strate en el linkâ€¦ https://t.co/muFUUEhLIR"
"314",0,"ã€æ›¸ãã¾ã—ãŸï¼ã€‘ã„ã¾ã•ã‚‰ZenWatch 2ã®ã‚¹ãƒãƒ¼ãƒ„ãƒãƒ³ãƒ‰ã‚’ãƒ¡ã‚¿ãƒ«ãƒãƒ³ãƒ‰ã«å¤‰ãˆã¦ã¿ãŸã€‚å°è±¡ãŒæ¿€å¤‰ï¼

https://t.co/0T4Qec59Da 

#ASUS #zenwatch https://t.co/bLkQZSMAli"
"315",0,"Asus fans,
Best time for you to get your favourite Asus laptop / notebook with exclusive price in our #CNY Clearancâ€¦ https://t.co/FPJigSoYO7"
"316",1,"#WIN AN #ASUS #ROG #GAMING #MONITOR #GIVEAWAY

Follow @AthleticoES &amp; RT to Enter

@HyperRTs #csgogiveawaysâ€¦ https://t.co/lLuuMdcbv7"
"317",0,"-12% #eBayDE #Angebote - #ASUS 15.6\"" FHD Core i5 8GB RAM 1TB HDD GTX 1050 2GB https://t.co/NDen8e0wcs https://t.co/QkIdbSku3B"
"318",0,"#Asus Zenfone 5 with 5.7-inch FHD+ display, dual rear cameras, metal body surfaces ahead of MWC 2018: #Asus has alrâ€¦ https://t.co/2avRBeM0xn"
"319",0,"RT @dospara_honten: æ–°è£½å“ã‚­ã‚¿ãƒ¼ï¼
ENERMAXã•ã‚“ã®ãƒªãƒ¢ã‚³ãƒ³å¯¾å¿œã®RGBãƒ•ã‚¡ãƒ³ï¼

#ASUS #ãƒ‰ã‚¹ãƒ‘ãƒ© #ç§‹è‘‰åŸæœ¬åº— #akiba #ã‚¤ãƒ™ãƒ³ãƒˆ #ãƒ‰ã‚¹ãƒ‘ãƒ©TV https://t.co/vcW4YsnerP"
"320",0,"RT @dospara_honten: ã˜ã‚ƒã‚“ã‘ã‚“å¤§ä¼šé–‹å§‹ï¼
ä»Šå›ã¯é¬¼ãŒè±†ã‚’é…ã‚Šã¾ã™ã‚ˆãƒ¼ï¼

#ASUS #ãƒ‰ã‚¹ãƒ‘ãƒ© #ç§‹è‘‰åŸæœ¬åº— #akiba #ã‚¤ãƒ™ãƒ³ãƒˆ #ãƒ‰ã‚¹ãƒ‘ãƒ©TV https://t.co/Usqr0d1esS"
"321",0,"RT @dospara_honten: æ‘äº•ã•ã‚“ã®è¡£è£…ã¨PCãŒã€ã¾ã•ã‹ã®AURA SYNCã§åŒæœŸï¼ï¼
#ASUS #ãƒ‰ã‚¹ãƒ‘ãƒ© #ç§‹è‘‰åŸæœ¬åº— #akiba #ã‚¤ãƒ™ãƒ³ãƒˆ #ãƒ‰ã‚¹ãƒ‘ãƒ©TV https://t.co/KltqMleniY"
"322",0,"è¿™ä¸ªåŒæ‘„æ—¢è§†æ„Ÿæ»¡æ»¡å•Š
https://t.co/ySDQRc8Vrj
#ASUS #ZenFone #ZenFone5 #zinggadget"
"323",0,"æ ¼å®‰ã‚¹ãƒãƒ›å°‚é–€åº—â˜…ãƒ¢ãƒã‚¤ãƒ«ãƒ©ãƒœ
#FUJITSU #FREETEL #HUAWEI #ASUS #motorola #ZTE #alcatel #blackberry ãªã©ã€‚
å¤§é ˆã§ä¸€ç•ªã®å“æƒãˆã§ã™ã€ƒo(*Â´â–½ï½€*)oã€ƒã€€ã”è¦æœ›ã®æ©Ÿç¨®ãŒãªã„å ´åˆã¯åœ¨åº«ç¢ºèªã—ã¾ã™!!"
"324",0,"RT @dospara_honten: Coffee lakeã«ã¤ã„ã¦ã‚¢ãƒ„ãèª¬æ˜ã™ã‚‹é«˜æ©‹ã•ã‚“ã®å›³ã€‚

#ASUS #ãƒ‰ã‚¹ãƒ‘ãƒ© #ç§‹è‘‰åŸæœ¬åº— #akiba #ã‚¤ãƒ™ãƒ³ãƒˆ #ãƒ‰ã‚¹ãƒ‘ãƒ©TV https://t.co/3K4zzvwAmi"
"325",0,"RT @dospara_honten: Coffee lakeã«ã¤ã„ã¦ã‚¢ãƒ„ãèª¬æ˜ã™ã‚‹é«˜æ©‹ã•ã‚“ã®å›³ã€‚

#ASUS #ãƒ‰ã‚¹ãƒ‘ãƒ© #ç§‹è‘‰åŸæœ¬åº— #akiba #ã‚¤ãƒ™ãƒ³ãƒˆ #ãƒ‰ã‚¹ãƒ‘ãƒ©TV https://t.co/3K4zzvwAmi"
"326",0,"RT @dospara_honten: ãƒ‰ã‚¹ãƒ‘ãƒ©TVå…¬é–‹ç”Ÿæ”¾é€ã‚¹ã‚¿ãƒ¼ãƒˆã—ã¾ã—ãŸãƒ¼ï¼
çš†ã•ã‚“ã©ã†ãã”è¦§ãã ã•ã„ï¼ï¼

#ASUS #ãƒ‰ã‚¹ãƒ‘ãƒ© #ç§‹è‘‰åŸæœ¬åº— #akiba #ã‚¤ãƒ™ãƒ³ãƒˆ #ãƒ‰ã‚¹ãƒ‘ãƒ©TV https://t.co/mIl8CDlOpl"
"327",0,"STRIXGTX1080TIO11G-G ã‚¨ã‚¤ã‚¹ãƒ¼ã‚¹ PCI-Express 3.0å¯¾å¿œ ã‚°ãƒ©ãƒ•ã‚£ãƒƒã‚¯ã‚¹ãƒœãƒ¼ãƒ‰ASUS ROG-STRIX
[æ¥½å¤©] https://t.co/VjtW69Z4ZG
 
#RakutenIchibaâ€¦ https://t.co/1ND1TOhe6M"
"328",0,"Te regalo 5 gigas de almacenamiento para que pruebes #ASUS #WebStorage, regÃ­strate en el linkâ€¦ https://t.co/mi9FDJP3dT"
"329",1,"#WIN AN #ASUS #ROG #GAMING #MONITOR #GIVEAWAY

Follow @AthleticoES &amp; RT to Enter

@HyperRTs #csgogiveawaysâ€¦ https://t.co/mXb42F6WIE"
"330",0,"Secrete code of Asus we can use this code to check our mobile software's and this code will access all model of Asuâ€¦ https://t.co/PWQz13RDUz"
"331",1,"#WIN AN #ASUS #ROG #GAMING #MONITOR #GIVEAWAY

Follow @AthleticoES &amp; RT to Enter

@HyperRTs #csgogiveawaysâ€¦ https://t.co/JcSTT2CTkh"
"332",0,"ã˜ã‚ƒã‚“ã‘ã‚“å¤§ä¼šé–‹å§‹ï¼
ä»Šå›ã¯é¬¼ãŒè±†ã‚’é…ã‚Šã¾ã™ã‚ˆãƒ¼ï¼

#ASUS #ãƒ‰ã‚¹ãƒ‘ãƒ© #ç§‹è‘‰åŸæœ¬åº— #akiba #ã‚¤ãƒ™ãƒ³ãƒˆ #ãƒ‰ã‚¹ãƒ‘ãƒ©TV https://t.co/Usqr0d1esS"
"333",0,"RT @dospara_honten: æ‘äº•ã•ã‚“ã®è¡£è£…ã¨PCãŒã€ã¾ã•ã‹ã®AURA SYNCã§åŒæœŸï¼ï¼
#ASUS #ãƒ‰ã‚¹ãƒ‘ãƒ© #ç§‹è‘‰åŸæœ¬åº— #akiba #ã‚¤ãƒ™ãƒ³ãƒˆ #ãƒ‰ã‚¹ãƒ‘ãƒ©TV https://t.co/KltqMleniY"
"334",0,"RT @dospara_honten: ASUSã®ãƒã‚¶ãƒ¼ãƒœãƒ¼ãƒ‰ç´¹ä»‹ã‚¿ãƒ¼ãƒ³ï¼
çš†ã•ã‚“é ·ããªãŒã‚‰è´ã„ã¦ã‚‰ã£ã—ã‚ƒã„ã¾ã™ã€‚

#ASUS #ãƒ‰ã‚¹ãƒ‘ãƒ© #ç§‹è‘‰åŸæœ¬åº— #akiba #ã‚¤ãƒ™ãƒ³ãƒˆ #ãƒ‰ã‚¹ãƒ‘ãƒ©TV https://t.co/JvU2AlxIsH"
"335",0,"ASUSã®ãƒã‚¶ãƒ¼ãƒœãƒ¼ãƒ‰ç´¹ä»‹ã‚¿ãƒ¼ãƒ³ï¼
çš†ã•ã‚“é ·ããªãŒã‚‰è´ã„ã¦ã‚‰ã£ã—ã‚ƒã„ã¾ã™ã€‚

#ASUS #ãƒ‰ã‚¹ãƒ‘ãƒ© #ç§‹è‘‰åŸæœ¬åº— #akiba #ã‚¤ãƒ™ãƒ³ãƒˆ #ãƒ‰ã‚¹ãƒ‘ãƒ©TV https://t.co/JvU2AlxIsH"
"336",0,"RT @dospara_honten: Coffee lakeã«ã¤ã„ã¦ã‚¢ãƒ„ãèª¬æ˜ã™ã‚‹é«˜æ©‹ã•ã‚“ã®å›³ã€‚

#ASUS #ãƒ‰ã‚¹ãƒ‘ãƒ© #ç§‹è‘‰åŸæœ¬åº— #akiba #ã‚¤ãƒ™ãƒ³ãƒˆ #ãƒ‰ã‚¹ãƒ‘ãƒ©TV https://t.co/3K4zzvwAmi"
"337",0,"Coffee lakeã«ã¤ã„ã¦ã‚¢ãƒ„ãèª¬æ˜ã™ã‚‹é«˜æ©‹ã•ã‚“ã®å›³ã€‚

#ASUS #ãƒ‰ã‚¹ãƒ‘ãƒ© #ç§‹è‘‰åŸæœ¬åº— #akiba #ã‚¤ãƒ™ãƒ³ãƒˆ #ãƒ‰ã‚¹ãƒ‘ãƒ©TV https://t.co/3K4zzvwAmi"
"338",0,"ãƒ‰ã‚¹ãƒ‘ãƒ©TVå…¬é–‹ç”Ÿæ”¾é€ã‚¹ã‚¿ãƒ¼ãƒˆã—ã¾ã—ãŸãƒ¼ï¼
çš†ã•ã‚“ã©ã†ãã”è¦§ãã ã•ã„ï¼ï¼

#ASUS #ãƒ‰ã‚¹ãƒ‘ãƒ© #ç§‹è‘‰åŸæœ¬åº— #akiba #ã‚¤ãƒ™ãƒ³ãƒˆ #ãƒ‰ã‚¹ãƒ‘ãƒ©TV https://t.co/mIl8CDlOpl"
"339",0,"ã¾ã‚‚ãªã15æ™‚ã®éƒ¨ã‚¤ãƒ™ãƒ³ãƒˆã‚¹ã‚¿ãƒ¼ãƒˆã§ãƒ¼ã™ï¼

#ASUS #ãƒ‰ã‚¹ãƒ‘ãƒ© #ç§‹è‘‰åŸæœ¬åº— #akiba #ã‚¤ãƒ™ãƒ³ãƒˆ #ãƒ‰ã‚¹ãƒ‘ãƒ©TV https://t.co/Pwdb5sTSYZ"
"340",0,"RT @dospara_honten: æ‘äº•ã•ã‚“ã®è¡£è£…ã¨PCãŒã€ã¾ã•ã‹ã®AURA SYNCã§åŒæœŸï¼ï¼
#ASUS #ãƒ‰ã‚¹ãƒ‘ãƒ© #ç§‹è‘‰åŸæœ¬åº— #akiba #ã‚¤ãƒ™ãƒ³ãƒˆ #ãƒ‰ã‚¹ãƒ‘ãƒ©TV https://t.co/KltqMleniY"
"341",0,"RT @dospara_honten: å…‰ã‚‹ã ã‘ã˜ã‚ƒãªã„ï¼
ãƒã‚¤ã‚¯ãƒ­ãƒƒã‚¯ãƒ¡ãƒ¢ãƒªã‚‚ãŠã¾ã‹ã›ãªASUSè£½ãƒã‚¶ãƒ¼ãƒœãƒ¼ãƒ‰ã®ç´¹ä»‹ä¸­ï¼
#ASUS #ãƒ‰ã‚¹ãƒ‘ãƒ© #ç§‹è‘‰åŸæœ¬åº— #akiba #ã‚¤ãƒ™ãƒ³ãƒˆ #ãƒ‰ã‚¹ãƒ‘ãƒ©TV https://t.co/KskvfrLbXo"
"342",0,"@YouTube #ASUS #RepublicOfGamers"
"343",0,"Te regalo 5 gigas de almacenamiento para que pruebes #ASUS #WebStorage, regÃ­strate en el linkâ€¦ https://t.co/EGh2MOFZ8i"
"344",0,"2/3
ASUS ZenFone Live ZB501KLã€å›½å†…ç‰ˆSIMãƒ•ãƒªãƒ¼ã€‘
æ–°å“æœªé–‹å°å“
ï¿¥13,800ã«ã¦è²©å£²ä¸­ï¼
æŒ¯è¾¼,ä»£å¼•ã,ã‚¯ãƒ¬ã‚¸ãƒƒãƒˆå¯¾å¿œå¯èƒ½ï¼
https://t.co/69qHmwiRrC
#ASUS #Zonfone"
"345",0,"2/3
ASUS ZenFone4 ZE554KL
æ–°å“æœªä½¿ç”¨å“
ï¿¥47,800ã«ã¦è²©å£²ä¸­ï¼
æŒ¯è¾¼,ä»£å¼•ã,ã‚¯ãƒ¬ã‚¸ãƒƒãƒˆå¯¾å¿œå¯èƒ½ï¼
https://t.co/Af7Fq8f7cP 
#ASUS #ZenFone #Android"
"346",0,"2/3
ASUS ZenFone4 Pro ZS551KL
æ–°å“æœªé–‹å°å“
ï¿¥82,800ã«ã¦è²©å£²ä¸­ï¼
æŒ¯è¾¼,ä»£å¼•ã,ã‚¯ãƒ¬ã‚¸ãƒƒãƒˆå¯¾å¿œå¯èƒ½ï¼
https://t.co/sLlckgSC9X
#ASUS #ZenFone"
"347",0,"RT @dospara_honten: å…‰ã‚‹ã ã‘ã˜ã‚ƒãªã„ï¼
ãƒã‚¤ã‚¯ãƒ­ãƒƒã‚¯ãƒ¡ãƒ¢ãƒªã‚‚ãŠã¾ã‹ã›ãªASUSè£½ãƒã‚¶ãƒ¼ãƒœãƒ¼ãƒ‰ã®ç´¹ä»‹ä¸­ï¼
#ASUS #ãƒ‰ã‚¹ãƒ‘ãƒ© #ç§‹è‘‰åŸæœ¬åº— #akiba #ã‚¤ãƒ™ãƒ³ãƒˆ #ãƒ‰ã‚¹ãƒ‘ãƒ©TV https://t.co/KskvfrLbXo"
"348",-2,"RT @TravelSeeWrite: Meet my new BFF - #Asus Zenfone 2 Laser The dirty little secret about travel writing is that something has to go wrong.â€¦"
"349",0,"RT @dospara_honten: å…‰ã‚‹ã ã‘ã˜ã‚ƒãªã„ï¼
ãƒã‚¤ã‚¯ãƒ­ãƒƒã‚¯ãƒ¡ãƒ¢ãƒªã‚‚ãŠã¾ã‹ã›ãªASUSè£½ãƒã‚¶ãƒ¼ãƒœãƒ¼ãƒ‰ã®ç´¹ä»‹ä¸­ï¼
#ASUS #ãƒ‰ã‚¹ãƒ‘ãƒ© #ç§‹è‘‰åŸæœ¬åº— #akiba #ã‚¤ãƒ™ãƒ³ãƒˆ #ãƒ‰ã‚¹ãƒ‘ãƒ©TV https://t.co/KskvfrLbXo"
"350",0,"RT @dospara_honten: æ‘äº•ã•ã‚“ã®è¡£è£…ã¨PCãŒã€ã¾ã•ã‹ã®AURA SYNCã§åŒæœŸï¼ï¼
#ASUS #ãƒ‰ã‚¹ãƒ‘ãƒ© #ç§‹è‘‰åŸæœ¬åº— #akiba #ã‚¤ãƒ™ãƒ³ãƒˆ #ãƒ‰ã‚¹ãƒ‘ãƒ©TV https://t.co/KltqMleniY"
"351",0,"RT @dospara_honten: æ‘äº•ã•ã‚“ã®è¡£è£…ã¨PCãŒã€ã¾ã•ã‹ã®AURA SYNCã§åŒæœŸï¼ï¼
#ASUS #ãƒ‰ã‚¹ãƒ‘ãƒ© #ç§‹è‘‰åŸæœ¬åº— #akiba #ã‚¤ãƒ™ãƒ³ãƒˆ #ãƒ‰ã‚¹ãƒ‘ãƒ©TV https://t.co/KltqMleniY"
"352",1,"Sell used laptops in Bangalore of any brand like #Lenovo,#apple, #HP,#Sony,#Dell,#Acer,#IBM,#ASUS etc. in any condiâ€¦ https://t.co/5aUhFYzr5L"
"353",1,"ASUS ZenBeam Pocket LED Projector now in stock https://t.co/MdiE8lavDQ #ASUS #ZENBEAM #projector https://t.co/tZOLVatOtx"
"354",0,"RT @dospara_honten: æ‘äº•ã•ã‚“ã®è¡£è£…ã¨PCãŒã€ã¾ã•ã‹ã®AURA SYNCã§åŒæœŸï¼ï¼
#ASUS #ãƒ‰ã‚¹ãƒ‘ãƒ© #ç§‹è‘‰åŸæœ¬åº— #akiba #ã‚¤ãƒ™ãƒ³ãƒˆ #ãƒ‰ã‚¹ãƒ‘ãƒ©TV https://t.co/KltqMleniY"
"355",0,"RT @dospara_honten: æ‘äº•ã•ã‚“ã®è¡£è£…ã¨PCãŒã€ã¾ã•ã‹ã®AURA SYNCã§åŒæœŸï¼ï¼
#ASUS #ãƒ‰ã‚¹ãƒ‘ãƒ© #ç§‹è‘‰åŸæœ¬åº— #akiba #ã‚¤ãƒ™ãƒ³ãƒˆ #ãƒ‰ã‚¹ãƒ‘ãƒ©TV https://t.co/KltqMleniY"
"356",0,"RT @dospara_honten: æ‘äº•ã•ã‚“ã®è¡£è£…ã¨PCãŒã€ã¾ã•ã‹ã®AURA SYNCã§åŒæœŸï¼ï¼
#ASUS #ãƒ‰ã‚¹ãƒ‘ãƒ© #ç§‹è‘‰åŸæœ¬åº— #akiba #ã‚¤ãƒ™ãƒ³ãƒˆ #ãƒ‰ã‚¹ãƒ‘ãƒ©TV https://t.co/KltqMleniY"
"357",0,"RT @dospara_honten: 13æ™‚ã‹ã‚‰ã‚¤ãƒ™ãƒ³ãƒˆã‚¹ã‚¿ãƒ¼ãƒˆã§ã™ï¼
çš†æ§˜å¥®ã£ã¦ã”å‚åŠ ãã ã•ã„ï¼ï¼

ã‚¹ã‚¿ãƒƒãƒ•ã‚‚è¦‹ãŸã„ã‚“ã§ã™ã‘ã©ï¼ã‘ã©ï¼ï¼ï¼

#ASUS #ãƒ‰ã‚¹ãƒ‘ãƒ© #ç§‹è‘‰åŸæœ¬åº— #akiba #ã‚¤ãƒ™ãƒ³ãƒˆ #ãƒ‰ã‚¹ãƒ‘ãƒ©TV https://t.co/BzBcaKuh20"
"358",0,"RT @dospara_honten: æ‘äº•ã•ã‚“ã®è¡£è£…ã¨PCãŒã€ã¾ã•ã‹ã®AURA SYNCã§åŒæœŸï¼ï¼
#ASUS #ãƒ‰ã‚¹ãƒ‘ãƒ© #ç§‹è‘‰åŸæœ¬åº— #akiba #ã‚¤ãƒ™ãƒ³ãƒˆ #ãƒ‰ã‚¹ãƒ‘ãƒ©TV https://t.co/KltqMleniY"
"359",0,"RT @dospara_honten: 13æ™‚ã‹ã‚‰ã‚¤ãƒ™ãƒ³ãƒˆã‚¹ã‚¿ãƒ¼ãƒˆã§ã™ï¼
çš†æ§˜å¥®ã£ã¦ã”å‚åŠ ãã ã•ã„ï¼ï¼

ã‚¹ã‚¿ãƒƒãƒ•ã‚‚è¦‹ãŸã„ã‚“ã§ã™ã‘ã©ï¼ã‘ã©ï¼ï¼ï¼

#ASUS #ãƒ‰ã‚¹ãƒ‘ãƒ© #ç§‹è‘‰åŸæœ¬åº— #akiba #ã‚¤ãƒ™ãƒ³ãƒˆ #ãƒ‰ã‚¹ãƒ‘ãƒ©TV https://t.co/BzBcaKuh20"
"360",0,"RT @dospara_honten: 13æ™‚ã‹ã‚‰ã‚¤ãƒ™ãƒ³ãƒˆã‚¹ã‚¿ãƒ¼ãƒˆã§ã™ï¼
çš†æ§˜å¥®ã£ã¦ã”å‚åŠ ãã ã•ã„ï¼ï¼

ã‚¹ã‚¿ãƒƒãƒ•ã‚‚è¦‹ãŸã„ã‚“ã§ã™ã‘ã©ï¼ã‘ã©ï¼ï¼ï¼

#ASUS #ãƒ‰ã‚¹ãƒ‘ãƒ© #ç§‹è‘‰åŸæœ¬åº— #akiba #ã‚¤ãƒ™ãƒ³ãƒˆ #ãƒ‰ã‚¹ãƒ‘ãƒ©TV https://t.co/BzBcaKuh20"
"361",0,"RT @dospara_honten: æ‘äº•ã•ã‚“ã®è¡£è£…ã¨PCãŒã€ã¾ã•ã‹ã®AURA SYNCã§åŒæœŸï¼ï¼
#ASUS #ãƒ‰ã‚¹ãƒ‘ãƒ© #ç§‹è‘‰åŸæœ¬åº— #akiba #ã‚¤ãƒ™ãƒ³ãƒˆ #ãƒ‰ã‚¹ãƒ‘ãƒ©TV https://t.co/KltqMleniY"
"362",0,"ASUS K56CM (Core i3 3217U 1800 Mhz/15.6""/1366x768/4096Mb/500Gb/DVD-RW/Wi-Fi/Bluetooth/DOS) https://t.co/HwNdGMI24U #ASUS"
"363",1,"I bought my Asus F541U #Laptop #Computer yo replace my 4-yr old #Asus X54C, because I was happy with the old one...â€¦ https://t.co/Vor9Irav13"
"364",0,"ã€#ASUS #Zenfoneï¼#Zenfone3Ultraã€‘
æ¢ã—ã¦ã¾ã›ã‚“ã‹ï¼Ÿå½“åº—ã€åœ¨åº«ã‚ã‚Šã¾ã™â˜º
ç”Ÿç”£çµ‚äº†å“ãªã®ã§åœ¨åº«é™ã‚Šã§ã™ã€‚
åœ¨åº«ç¢ºèªã¯0466-54-9325ã¾ã§ãŠé¡˜ã„ã—ã¾ã™ã€‚
#æ¹˜å— #è—¤æ²¢ #è¾»å ‚ #UQ #ä¸€æ‹¬â€¦ https://t.co/iij8vLQ20R"
"365",1,"#WIN AN #ASUS #ROG #GAMING #MONITOR #GIVEAWAY

Follow @AthleticoES &amp; RT to Enter

@HyperRTs #csgogiveawaysâ€¦ https://t.co/EknaO5zA2w"
"366",-1,"Meet my new BFF - #Asus Zenfone 2 Laser The dirty little secret about travel writing is that something has to go wrâ€¦ https://t.co/jyU1IfFtcz"
"367",0,"ã€ã‚ªã‚¹ã‚¹ãƒ¡!! #SIMãƒ•ãƒªãƒ¼ã‚¹ãƒãƒ¼ãƒˆãƒ•ã‚©ãƒ³ã€‘
  ãã®ä¸€ç¬ã‚’ã€ã‚ˆã‚Šãƒ¯ã‚¤ãƒ‰ã«ï¼èƒŒé¢ãƒ‡ãƒ¥ã‚¢ãƒ«ãƒ¬ãƒ³ã‚ºã‚«ãƒ¡ãƒ©Ã—åºƒè§’ã‚«ãƒ¡ãƒ©ã€‚ ã€ŒZE554KL-BK64S6ã€ nanoSIMx1 nanoSIM or micro SDx1!!â€¦ https://t.co/bY55X6Enpt"
"368",0,"Te regalo 5 gigas de almacenamiento para que pruebes #ASUS #WebStorage, regÃ­strate en el linkâ€¦ https://t.co/whjJw01RuC"
"369",0,"RT @dospara_honten: æ‘äº•ã•ã‚“ã®è¡£è£…ã¨PCãŒã€ã¾ã•ã‹ã®AURA SYNCã§åŒæœŸï¼ï¼
#ASUS #ãƒ‰ã‚¹ãƒ‘ãƒ© #ç§‹è‘‰åŸæœ¬åº— #akiba #ã‚¤ãƒ™ãƒ³ãƒˆ #ãƒ‰ã‚¹ãƒ‘ãƒ©TV https://t.co/KltqMleniY"
"370",0,"RT @dospara_honten: æ–°è£½å“ã‚­ã‚¿ãƒ¼ï¼
ENERMAXã•ã‚“ã®ãƒªãƒ¢ã‚³ãƒ³å¯¾å¿œã®RGBãƒ•ã‚¡ãƒ³ï¼

#ASUS #ãƒ‰ã‚¹ãƒ‘ãƒ© #ç§‹è‘‰åŸæœ¬åº— #akiba #ã‚¤ãƒ™ãƒ³ãƒˆ #ãƒ‰ã‚¹ãƒ‘ãƒ©TV https://t.co/vcW4YsnerP"
"371",0,"RT @dospara_honten: æ‘äº•ã•ã‚“ã®è¡£è£…ã¨PCãŒã€ã¾ã•ã‹ã®AURA SYNCã§åŒæœŸï¼ï¼
#ASUS #ãƒ‰ã‚¹ãƒ‘ãƒ© #ç§‹è‘‰åŸæœ¬åº— #akiba #ã‚¤ãƒ™ãƒ³ãƒˆ #ãƒ‰ã‚¹ãƒ‘ãƒ©TV https://t.co/KltqMleniY"
"372",0,"RT @dospara_honten: æ‘äº•ã•ã‚“ã®è¡£è£…ã¨PCãŒã€ã¾ã•ã‹ã®AURA SYNCã§åŒæœŸï¼ï¼
#ASUS #ãƒ‰ã‚¹ãƒ‘ãƒ© #ç§‹è‘‰åŸæœ¬åº— #akiba #ã‚¤ãƒ™ãƒ³ãƒˆ #ãƒ‰ã‚¹ãƒ‘ãƒ©TV https://t.co/KltqMleniY"
"373",0,"RT @dospara_honten: æ‘äº•ã•ã‚“ã®è¡£è£…ã¨PCãŒã€ã¾ã•ã‹ã®AURA SYNCã§åŒæœŸï¼ï¼
#ASUS #ãƒ‰ã‚¹ãƒ‘ãƒ© #ç§‹è‘‰åŸæœ¬åº— #akiba #ã‚¤ãƒ™ãƒ³ãƒˆ #ãƒ‰ã‚¹ãƒ‘ãƒ©TV https://t.co/KltqMleniY"
"374",0,"æ‘äº•ã•ã‚“ã®è¡£è£…ã¨PCãŒã€ã¾ã•ã‹ã®AURA SYNCã§åŒæœŸï¼ï¼
#ASUS #ãƒ‰ã‚¹ãƒ‘ãƒ© #ç§‹è‘‰åŸæœ¬åº— #akiba #ã‚¤ãƒ™ãƒ³ãƒˆ #ãƒ‰ã‚¹ãƒ‘ãƒ©TV https://t.co/KltqMleniY"
"375",0,"æ–°è£½å“ã‚­ã‚¿ãƒ¼ï¼
ENERMAXã•ã‚“ã®ãƒªãƒ¢ã‚³ãƒ³å¯¾å¿œã®RGBãƒ•ã‚¡ãƒ³ï¼

#ASUS #ãƒ‰ã‚¹ãƒ‘ãƒ© #ç§‹è‘‰åŸæœ¬åº— #akiba #ã‚¤ãƒ™ãƒ³ãƒˆ #ãƒ‰ã‚¹ãƒ‘ãƒ©TV https://t.co/vcW4YsnerP"
"376",1,"Todo bien.. parece ser que el BIOS nuevo para la Asus Crosshair Hero VI es estable.. digo, nada mas le hice OC a laâ€¦ https://t.co/CSFeJWf0oB"
"377",0,"å…‰ã‚‹ã ã‘ã˜ã‚ƒãªã„ï¼
ãƒã‚¤ã‚¯ãƒ­ãƒƒã‚¯ãƒ¡ãƒ¢ãƒªã‚‚ãŠã¾ã‹ã›ãªASUSè£½ãƒã‚¶ãƒ¼ãƒœãƒ¼ãƒ‰ã®ç´¹ä»‹ä¸­ï¼
#ASUS #ãƒ‰ã‚¹ãƒ‘ãƒ© #ç§‹è‘‰åŸæœ¬åº— #akiba #ã‚¤ãƒ™ãƒ³ãƒˆ #ãƒ‰ã‚¹ãƒ‘ãƒ©TV https://t.co/KskvfrLbXo"
"378",0,"https://t.co/mJJpzkYdyU #monitor #asus #LCD https://t.co/ZBwuPEscG1"
"379",0,"RT @dospara_honten: 13æ™‚ã‹ã‚‰ã‚¤ãƒ™ãƒ³ãƒˆã‚¹ã‚¿ãƒ¼ãƒˆã§ã™ï¼
çš†æ§˜å¥®ã£ã¦ã”å‚åŠ ãã ã•ã„ï¼ï¼

ã‚¹ã‚¿ãƒƒãƒ•ã‚‚è¦‹ãŸã„ã‚“ã§ã™ã‘ã©ï¼ã‘ã©ï¼ï¼ï¼

#ASUS #ãƒ‰ã‚¹ãƒ‘ãƒ© #ç§‹è‘‰åŸæœ¬åº— #akiba #ã‚¤ãƒ™ãƒ³ãƒˆ #ãƒ‰ã‚¹ãƒ‘ãƒ©TV https://t.co/BzBcaKuh20"
"380",1,"#WIN AN #ASUS #ROG #GAMING #MONITOR #GIVEAWAY

Follow @AthleticoES &amp; RT to Enter

@HyperRTs #csgogiveawaysâ€¦ https://t.co/cBKXvRsnep"
"381",0,"RT @dospara_honten: 13æ™‚ã‹ã‚‰ã‚¤ãƒ™ãƒ³ãƒˆã‚¹ã‚¿ãƒ¼ãƒˆã§ã™ï¼
çš†æ§˜å¥®ã£ã¦ã”å‚åŠ ãã ã•ã„ï¼ï¼

ã‚¹ã‚¿ãƒƒãƒ•ã‚‚è¦‹ãŸã„ã‚“ã§ã™ã‘ã©ï¼ã‘ã©ï¼ï¼ï¼

#ASUS #ãƒ‰ã‚¹ãƒ‘ãƒ© #ç§‹è‘‰åŸæœ¬åº— #akiba #ã‚¤ãƒ™ãƒ³ãƒˆ #ãƒ‰ã‚¹ãƒ‘ãƒ©TV https://t.co/BzBcaKuh20"
"382",0,"ã€éå»è¨˜äº‹ç´¹ä»‹ã€‘
æ—¥æœ¬ã§ã‚‚ç™ºå£²ã—ã¦ã»ã—ã„ï¼æ¥ç¶šç«¯å­ãŒåˆ‡ã‚Šæ›¿ãˆã‚Œã‚‹ ã€ ASUS 360 camera ã€
https://t.co/kz5Jonn3XI
#asus #360åº¦ã‚«ãƒ¡ãƒ© #asus360camera"
"383",0,"13æ™‚ã‹ã‚‰ã‚¤ãƒ™ãƒ³ãƒˆã‚¹ã‚¿ãƒ¼ãƒˆã§ã™ï¼
çš†æ§˜å¥®ã£ã¦ã”å‚åŠ ãã ã•ã„ï¼ï¼

ã‚¹ã‚¿ãƒƒãƒ•ã‚‚è¦‹ãŸã„ã‚“ã§ã™ã‘ã©ï¼ã‘ã©ï¼ï¼ï¼

#ASUS #ãƒ‰ã‚¹ãƒ‘ãƒ© #ç§‹è‘‰åŸæœ¬åº— #akiba #ã‚¤ãƒ™ãƒ³ãƒˆ #ãƒ‰ã‚¹ãƒ‘ãƒ©TV https://t.co/BzBcaKuh20"
"384",0,"Te regalo 5 gigas de almacenamiento para que pruebes #ASUS #WebStorage, regÃ­strate en el linkâ€¦ https://t.co/ORWerG3kqn"
"385",1,"#WIN AN #ASUS #ROG #GAMING #MONITOR #GIVEAWAY

Follow @AthleticoES &amp; RT to Enter

@HyperRTs #csgogiveawaysâ€¦ https://t.co/wehhZ2KVDE"
"386",0,"#Zenfone3Max #è²·å– #ä¸­å¤ #ã»ã¼æ–°å“ #ã‚·ãƒ³ãƒ‡ãƒ¬ãƒ© #ã‚·ãƒ³ãƒ‡ãƒ¬ãƒ©å•†å“ #ãƒ“ãƒ“ãƒƒã¨ããŸã‚‰ #è²·ã„æ™‚ ã§ã™ï¼ï¼
#ã‚¨ãƒƒã‚¯ã‚¹ãƒ¢ãƒã‚¤ãƒ« #ã‚¤ã‚ªãƒ³ãƒ¢ãƒ¼ãƒ«å¸¸æ»‘ #ã¿ã©ã‚Šã®ãŠåº— #æ ¼å®‰ã‚¹ãƒãƒ› #æ ¼å®‰ sim #ASUSâ€¦ https://t.co/5oMly8PMBx"
"387",0,"Android Oreo no Zenfone 3
https://t.co/D3Us33DgZx
#Asus #AsusBrasil #Zenfone3 #Zenfone3Zoom #Zenfone3maxx #Zenfone4â€¦ https://t.co/r2cxPuUKvS"
"388",0,"ã‚‚ã†ã™ãâ€¦ã‚‚ã†ã™ãâ€¦ï¼ï¼

#ASUS #ãƒ‰ã‚¹ãƒ‘ãƒ© #ç§‹è‘‰åŸæœ¬åº— #akiba #ã‚¤ãƒ™ãƒ³ãƒˆ #ãƒ‰ã‚¹ãƒ‘ãƒ©TV https://t.co/s9pe3jLvZ4"
"389",1,"RT @rickmd75: #WIN AN #ASUS #ROG #GAMING #MONITOR #GIVEAWAY

Follow @AthleticoES &amp; RT to Enter

@HyperRTs #csgogiveaways #csgogiveaway httpâ€¦"
"390",1,"RT @mickAMMO: #WIN AN #ASUS #ROG #GAMING #MONITOR #GIVEAWAY

Follow @AthleticoES &amp; RT to Enter

@HyperRTs #csgogiveaways #csgogiveaway httpâ€¦"
"391",1,"#WIN AN #ASUS #ROG #GAMING #MONITOR #GIVEAWAY

Follow @AthleticoES &amp; RT to Enter

@HyperRTs #csgogiveawaysâ€¦ https://t.co/hOzadpwpxE"
"392",0,"ASUS R510CC (Core i5 3337u processor 1800 Mhz/15.6""/1366x768/8192Mb/1000Gb/DVD-RW/NVIDIA GeForce GT 720M/Wi-Fi/Blueâ€¦ https://t.co/Uwif9rWzKE"
"393",0,"Te regalo 5 gigas de almacenamiento para que pruebes #ASUS #WebStorage, regÃ­strate en el linkâ€¦ https://t.co/ut3aanAOMc"
"394",0,"RT @dospara_honten: ã‚¤ãƒ™ãƒ³ãƒˆä¼šå ´è¨­å–¶ä¸­â€¦âœŒï¸('Ï‰'âœŒï¸ )

#ASUS #ãƒ‰ã‚¹ãƒ‘ãƒ© #ç§‹è‘‰åŸæœ¬åº— #ã‚¤ãƒ™ãƒ³ãƒˆ #akiba
#ãƒ‰ã‚¹ãƒ‘ãƒ©TV https://t.co/AZqhSnwgja"
"395",1,"#WIN AN #ASUS #ROG #GAMING #MONITOR #GIVEAWAY

Follow @AthleticoES &amp; RT to Enter

@HyperRTs #csgogiveawaysâ€¦ https://t.co/2ZCcza5Ajw"
"396",1,"#WIN AN #ASUS #ROG #GAMING #MONITOR #GIVEAWAY

Follow @AthleticoES &amp; RT to Enter

@HyperRTs #csgogiveawaysâ€¦ https://t.co/dPyl9D24TN"
"397",0,"ã‚¤ãƒ™ãƒ³ãƒˆä¼šå ´è¨­å–¶ä¸­â€¦âœŒï¸('Ï‰'âœŒï¸ )

#ASUS #ãƒ‰ã‚¹ãƒ‘ãƒ© #ç§‹è‘‰åŸæœ¬åº— #ã‚¤ãƒ™ãƒ³ãƒˆ #akiba
#ãƒ‰ã‚¹ãƒ‘ãƒ©TV https://t.co/AZqhSnwgja"
"398",0,"â¤µVisÃ­tanos 
.
í ½í³ŒColÃ³n 18-13 entreÂ  #BolÃ­var y #Rocafuerte #Machala í ½í³Œ
.
í ½íµœ Horario:
Lunes a viernes: 08:00 a 18:00 sabâ€¦ https://t.co/w483DFiRyp"
"399",1,"RT @sanjst: #WIN AN #ASUS #ROG #GAMING #MONITOR #GIVEAWAY

Follow @AthleticoES &amp; RT to Enter

@HyperRTs #csgogiveaways #csgogiveaway https:â€¦"
"400",1,"#WIN AN #ASUS #ROG #GAMING #MONITOR #GIVEAWAY

Follow @AthleticoES &amp; RT to Enter

@HyperRTs #csgogiveawaysâ€¦ https://t.co/LVXLPtU9T8"
"401",0,"ASUS ZenFone 4 Max Lite with 4,100mAh battery and dual cam is priced at PHP 7,995

#GIZGUIDEPH #ASUSâ€¦ https://t.co/mRyI5xs2RZ"
"402",0,"Te regalo 5 gigas de almacenamiento para que pruebes #ASUS #WebStorage, regÃ­strate en el linkâ€¦ https://t.co/QFBXWLeHUi"
"403",0,"RT @ASUSPT: Mostra-nos o teu poder de seduÃ§Ã£o e faz match com os teus produtos #ASUS preferidos. Garante a melhor companhia neste SÃ£o Valenâ€¦"
"404",0,"#æ±èŠãƒ©ã‚¤ãƒ•ã‚¹ã‚¿ã‚¤ãƒ«
#æµ„åœŸçœŸå®—æœ¬é¡˜å¯ºæ´¾
#å¯è¨€ã¯ä¸€åˆ€ä¸¡æ–­
#ä¸­å¤®ä»æ•™å­¦é™¢
#ä¼ç¯å¥‰å‘Šæ³•è¦
#RENESUS
#TOSHIBA
#æ±èŠPINT
#SHARP
#ASUS
#NEC
#rccrp
#ãŠã²ã‚‹ãƒ¼ãª
#ã”ãœã‚“æ§˜ã•ã¾ ã¿ã‚“ãªâ€¦ https://t.co/sUbYTo1ok3"
"405",0,"ASUS NX90Jq (Core i7 740QM 1730 Mhz/18.4""/1920x1080/6144Mb/1000Gb/Blu-Ray/Wi-Fi/Bluetooth/Win 7 Ultimate) https://t.co/mmmKfdbbOA #ASUS"
"406",1,"RT @netzapinternet: Support event Asus Republic Of Gamers.
#netzap #internetondemand #event #asus #Republicofgamers"
"407",0,"RT @TokyoSienne88: åˆ°ç€í ¾í´—í ½í²•í ½í²•
https://t.co/mniOHGn5jr
#Android #tablet #ASUS #ZenPad https://t.co/ja4fR1CoQO"
"408",1,"#Gewinnspiel #gaming #Win an #Asus #ROG #Strix #Radeon #RX #Vega 64 #Graphics Card #giveaway https://t.co/3ae8siNbAu"
"409",0,"åˆ°ç€í ¾í´—í ½í²•í ½í²•
https://t.co/mniOHGn5jr
#Android #tablet #ASUS #ZenPad https://t.co/ja4fR1CoQO"
"410",0,"Cotizaciones inmediatas por Whatsapp 
#Teclado #Asus Plata Marco Negro Retroliminado
Para ASUS UX52 UX52A Q501 N541â€¦ https://t.co/DIo2TLXZzy"
"411",0,"Te regalo 5 gigas de almacenamiento para que pruebes #ASUS #WebStorage, regÃ­strate en el linkâ€¦ https://t.co/Q8mq30x23l"
"412",0,"#GroundhogDay Online Specials on 2/2: #Watches from #Citizen #Apple #Samsung #Fossil #ASUS #Michael Kors #Rolex andâ€¦ https://t.co/clsJ5LEvhz"
"413",0,"ASUS DVD-E616P2 White https://t.co/FydJzKJnCG #ASUS"
"414",0,"Start the #weekend off with Deals on 2/2: ASUS ZenWatch 3 WI503Q-GL-DB 1.39-inch #AMOLED Smart Watch with dark browâ€¦ https://t.co/ydcDu9tUsA"
"415",0,"https://t.co/B1esig6lR4 #monitor #asus #LCD https://t.co/bzHN1DVer0"
"416",0,"Partiu mais um Evento INCRÃVEL da @asusbrasil!
#Asus #AsusComFuerza #Zenfone4 #AsusBrasil https://t.co/LwZMsNk8j8"
"417",0,"Te regalo 5 gigas de almacenamiento para que pruebes #ASUS #WebStorage, regÃ­strate en el linkâ€¦ https://t.co/IyqXAxNnBk"
"418",1,"Beauty is within! In this case, it fits in a Phanteks enthoo evolv ATX case with tempered glass, blood red #EKWB Waâ€¦ https://t.co/OdiCD6yCX7"
"419",1,"RT @anonuserhere: #WIN AN #ASUS #ROG #GAMING #MONITOR #GIVEAWAY

Follow @AthleticoES &amp; RT to Enter

@HyperRTs #csgogiveaways #csgogiveawayâ€¦"
"420",1,"#WIN AN #ASUS #ROG #GAMING #MONITOR #GIVEAWAY

Follow @AthleticoES &amp; RT to Enter

@HyperRTs #csgogiveawaysâ€¦ https://t.co/2wNabxjh02"
"421",0,"ã€æ•…éšœã€‘ASUS Zenbook3 èµ·å‹•ã—ãªããªã‚‹â†’ä¿®ç†ã¸ï¼»ASUSã®ã‚µãƒãƒ¼ãƒˆã‚’æ¤œè¨¼ï¼ï¼½https://t.co/CVEamRLqdO #ASUS #Zenbook #Zenbook3 #Windows10 https://t.co/A7AUkA9Hxy"
"422",1,"#WIN AN #ASUS #ROG #GAMING #MONITOR #GIVEAWAY

Follow @AthleticoES &amp; RT to Enter

@HyperRTs #csgogiveawaysâ€¦ https://t.co/iSPwBgt8Db"
"423",2,"RT @DerWahreKoyso: Neuer Gaming Bildschirm richtig Nice Danke @asus í ½í¸Ší ½í±í ½í¸

#asus #gamingbildschirm #gaming #Youtubeâ€¦ https://t.co/dQAcxEahbk"
"424",0,"RT @Knightd427: Yesterday in Hawesville, KY. The rain changed to #snow very quickly. #Kentucky #Asus #AsusZenfone3Max https://t.co/i2XMIxe5â€¦"
"425",2,"Neuer Gaming Bildschirm richtig Nice Danke @asus í ½í¸Ší ½í±í ½í¸

#asus #gamingbildschirm #gaming #Youtubeâ€¦ https://t.co/dQAcxEahbk"
"426",1,"#WIN AN #ASUS #ROG #GAMING #MONITOR #GIVEAWAY

Follow @AthleticoES &amp; RT to Enter

@HyperRTs #csgogiveawaysâ€¦ https://t.co/TOGbwozf9e"
"427",0,"ASUS N73JF (Core i5 460M 2530 Mhz/17.3""/1920x1080/4096Mb/500Gb/DVD-RW/Wi-Fi/Bluetooth/Win 7 HP) https://t.co/77asptKyzv #ASUS"
"428",0,"RT @Knightd427: Yesterday in Hawesville, KY. The rain changed to #snow very quickly. #Kentucky #Asus #AsusZenfone3Max https://t.co/i2XMIxe5â€¦"
"429",0,"Yesterday in Hawesville, KY. The rain changed to #snow very quickly. #Kentucky #Asus #AsusZenfone3Max https://t.co/i2XMIxe5tV"
"430",0,"Te regalo 5 gigas de almacenamiento para que pruebes #ASUS #WebStorage, regÃ­strate en el linkâ€¦ https://t.co/rqKsAAXhVv"
"431",1,"RT @zderoCSGO: #WIN AN #ASUS #ROG #GAMING #MONITOR #GIVEAWAY

Follow @AthleticoES &amp; RT to Enter

@HyperRTs #csgogiveaways #csgogiveaway httâ€¦"
"432",1,"#WIN AN #ASUS #ROG #GAMING #MONITOR #GIVEAWAY

Follow @AthleticoES &amp; RT to Enter

@HyperRTs #csgogiveawaysâ€¦ https://t.co/t6v97xfZWR"
"433",0,"ãã£ããƒ¼ã€ãƒ›ãƒ¼ãƒ ãƒœã‚¿ãƒ³ã¯æš´èµ°ã™ã‚‹ã—ã€playã‚¹ãƒˆã‚¢ã‹ã‚‰ã‚¢ãƒ—ãƒªå…¥ã‚ŒãŸã‚‰ãƒ©ãƒ³ãƒãƒ£ãƒ¼é–‹ã‘ãªã‹ã£ãŸã‚Šã¨ã€ã„ã‚ã„ã‚ã‚ã‚Šã™ãï¼ã‚‚ã†ã¡ã‚‡ã£ã¨ã¾ã¨ã‚‚ãªã‚¹ãƒãƒ›ã‚’ä½œã£ã¦ã»ã—ã„ã­ã€‚ #ASUS"
"434",0,"#GroundhogDay Online Specials on 2/2: ASUS ZenWatch 3 WI503Q-GL-DB 1.39-inch #AMOLED Smart Watch with dark brown leâ€¦ https://t.co/z979ibWusy"
"435",0,"34% OFF #sale #save #asus #tablet #MeMOPad @amazon @asus ASUS MeMO Pad 7 ME176CX-A1-WH 7-Inch Tablet (White)â€¦ https://t.co/cS8HguqWKH"
"436",0,"34% OFF #sale #save #asus #tablet #MeMOPad @amazon @asus ASUS MeMO Pad 7 ME176CX-A1-WH 7-Inch Tablet (White)â€¦ https://t.co/qgtTc9yMP8"
"437",0,"34% OFF #sale #save #asus #tablet #MeMOPad @amazon @asus ASUS MeMO Pad 7 ME176CX-A1-WH 7-Inch Tablet (White)â€¦ https://t.co/TzKLDZ54mJ"
"438",1,"#ASUS #ZenFone now supported #architecture #interiordesign https://t.co/l2OLlmhJam"
"439",1,"#WIN AN #ASUS #ROG #GAMING #MONITOR #GIVEAWAY

Follow @AthleticoES &amp; RT to Enter

@HyperRTs #csgogiveawaysâ€¦ https://t.co/vWrQGC7IyF"
"440",1,"RT @25cmSimpleton: #WIN AN #ASUS #ROG #GAMING #MONITOR #GIVEAWAY

Follow @AthleticoES &amp; RT to Enter

@HyperRTs #csgogiveaways #csgogiveawayâ€¦"
"441",0,"ASUS X54HR (Pentium B960 2200 Mhz/15.6""/1366x768/2048Mb/320Gb/DVD-RW/Wi-Fi/Linux) https://t.co/9KJ66fXaaA #ASUS"
"442",1,"#WIN AN #ASUS #ROG #GAMING #MONITOR #GIVEAWAY

Follow @AthleticoES &amp; RT to Enter

@HyperRTs #csgogiveawaysâ€¦ https://t.co/Ovorh5DMVc"
"443",0,"10 trucchi #Google #Drive e funzioni che magari non conosci
https://t.co/xYRt3qYsRp
#foto #documenti #app #telefonoâ€¦ https://t.co/llXyBFqy6i"
"444",0,"Te regalo 5 gigas de almacenamiento para que pruebes #ASUS #WebStorage, regÃ­strate en el linkâ€¦ https://t.co/WxcMOzzHvy"
"445",1,"#WIN AN #ASUS #ROG #GAMING #MONITOR #GIVEAWAY

Follow @AthleticoES &amp; RT to Enter

@HyperRTs #csgogiveawaysâ€¦ https://t.co/WoyyLWXR7A"
"446",1,"RT @Monysek123: #WIN AN #ASUS #ROG #GAMING #MONITOR #GIVEAWAY

Follow @AthleticoES &amp; RT to Enter

@HyperRTs #csgogiveaways #csgogiveaway htâ€¦"
"447",1,"RT @Monysek123: #WIN AN #ASUS #ROG #GAMING #MONITOR #GIVEAWAY

Follow @AthleticoES &amp; RT to Enter

@HyperRTs #csgogiveaways #csgogiveaway htâ€¦"
"448",1,"RT @Monysek123: #WIN AN #ASUS #ROG #GAMING #MONITOR #GIVEAWAY

Follow @AthleticoES &amp; RT to Enter

@HyperRTs #csgogiveaways #csgogiveaway htâ€¦"
"449",1,"#WIN AN #ASUS #ROG #GAMING #MONITOR #GIVEAWAY

Follow @AthleticoES &amp; RT to Enter

@HyperRTs #csgogiveawaysâ€¦ https://t.co/QjAcUcXgX4"
"450",1,"#WIN AN #ASUS #ROG #GAMING #MONITOR #GIVEAWAY

Follow @AthleticoES &amp; RT to Enter

@HyperRTs #csgogiveawaysâ€¦ https://t.co/b2pRWL5v0P"
"451",1,"#WIN AN #ASUS #ROG #GAMING #MONITOR #GIVEAWAY

Follow @AthleticoES &amp; RT to Enter

@HyperRTs #csgogiveawaysâ€¦ https://t.co/s4zxzGBSgt"
"452",1,"#WIN AN #ASUS #ROG #GAMING #MONITOR #GIVEAWAY

Follow @AthleticoES &amp; RT to Enter

@HyperRTs #csgogiveawaysâ€¦ https://t.co/cG55IeCHAF"
"453",1,"RT @Xerrps: #WIN AN #ASUS #ROG #GAMING #MONITOR #GIVEAWAY

Follow @AthleticoES &amp; RT to Enter

@HyperRTs #csgogiveaways #csgogiveaway https:â€¦"
"454",1,"RT @RobotethHerrera: #WIN AN #ASUS #ROG #GAMING #MONITOR #GIVEAWAY

Follow @AthleticoES &amp; RT to Enter

@HyperRTs #csgogiveaways #csgogiveawâ€¦"
"455",1,"#WIN AN #ASUS #ROG #GAMING #MONITOR #GIVEAWAY

Follow @AthleticoES &amp; RT to Enter

@HyperRTs #csgogiveawaysâ€¦ https://t.co/RKaxWurwX4"
"456",1,"RT @Xerrps: #WIN AN #ASUS #ROG #GAMING #MONITOR #GIVEAWAY

Follow @AthleticoES &amp; RT to Enter

@HyperRTs #csgogiveaways #csgogiveaway https:â€¦"
"457",1,"RT @Xerrps: #WIN AN #ASUS #ROG #GAMING #MONITOR #GIVEAWAY

Follow @AthleticoES &amp; RT to Enter

@HyperRTs #csgogiveaways #csgogiveaway https:â€¦"
"458",1,"RT @Xerrps: #WIN AN #ASUS #ROG #GAMING #MONITOR #GIVEAWAY

Follow @AthleticoES &amp; RT to Enter

@HyperRTs #csgogiveaways #csgogiveaway https:â€¦"
"459",0,"Asus 90AC00Q0-BCV001 Zenfone GO Black https://t.co/wSRMyNIuel #electronics #asus https://t.co/wSRMyNIuel"
"460",1,"RT @Xerrps: #WIN AN #ASUS #ROG #GAMING #MONITOR #GIVEAWAY

Follow @AthleticoES &amp; RT to Enter

@HyperRTs #csgogiveaways #csgogiveaway https:â€¦"
"461",1,"RT @pbkills: #WIN AN #ASUS #ROG #GAMING #MONITOR #GIVEAWAY

Follow @AthleticoES &amp; RT to Enter

@HyperRTs #csgogiveaways #csgogiveaway httpsâ€¦"
"462",1,"#WIN AN #ASUS #ROG #GAMING #MONITOR #GIVEAWAY

Follow @AthleticoES &amp; RT to Enter

@HyperRTs #csgogiveawaysâ€¦ https://t.co/waGq3ei0TU"
"463",1,"RT @pbkills: #WIN AN #ASUS #ROG #GAMING #MONITOR #GIVEAWAY

Follow @AthleticoES &amp; RT to Enter

@HyperRTs #csgogiveaways #csgogiveaway httpsâ€¦"
"464",1,"#WIN AN #ASUS #ROG #GAMING #MONITOR #GIVEAWAY

Follow @AthleticoES &amp; RT to Enter

@HyperRTs #csgogiveawaysâ€¦ https://t.co/Ur5KVWTQX4"
"465",1,"I bought my Asus F541U #Laptop #Computer yo replace my 4-yr old #Asus X54C, because I was happy with the old one...â€¦ https://t.co/43g2nckd8x"
"466",1,"RENDERING THE NEW PARTS UNBOXING!! so excited!! #amd #corsair #asus"
"467",0,"ROG Ã© aqui! #rog #asusrog #asusrogbr #asus #intel #X299 #Z370 #amd #ryzen #am4 #X370 #gtx #gtx1080ti #1080Tiâ€¦ https://t.co/LXnYIE5g5P"
"468",1,"A Proper Gaming Laptop? #ASUS #ROG Chimera G703VI (with EN subtitle!)

https://t.co/NCMmAw4o3f"
"469",1,"RT @permafrostbite: #WIN AN #ASUS #ROG #GAMING #MONITOR #GIVEAWAY

Follow @AthleticoES &amp; RT to Enter

@HyperRTs #csgogiveaways #csgogiveawaâ€¦"
"470",1,"RT @permafrostbite: #WIN AN #ASUS #ROG #GAMING #MONITOR #GIVEAWAY

Follow @AthleticoES &amp; RT to Enter

@HyperRTs #csgogiveaways #csgogiveawaâ€¦"
"471",0,"RT @ASUSUSA: Did you know? You can create your own mesh networking system using your existing #ASUS and #ROG routers with AiMesh. AND the lâ€¦"
"472",1,"RT @permafrostbite: #WIN AN #ASUS #ROG #GAMING #MONITOR #GIVEAWAY

Follow @AthleticoES &amp; RT to Enter

@HyperRTs #csgogiveaways #csgogiveawaâ€¦"
"473",1,"#WIN AN #ASUS #ROG #GAMING #MONITOR #GIVEAWAY

Follow @AthleticoES &amp; RT to Enter

@HyperRTs #csgogiveawaysâ€¦ https://t.co/VvfiwWhJCN"
"474",0,"Te regalo 5 gigas de almacenamiento para que pruebes #ASUS #WebStorage, regÃ­strate en el linkâ€¦ https://t.co/NVGF618d0i"
"475",1,"RT @joaotriekyv1: #WIN AN #ASUS #ROG #GAMING #MONITOR #GIVEAWAY

Follow @AthleticoES &amp; RT to Enter

@HyperRTs #csgogiveaways #csgogiveawayâ€¦"
"476",1,"RT @joaotriekyv1: #WIN AN #ASUS #ROG #GAMING #MONITOR #GIVEAWAY

Follow @AthleticoES &amp; RT to Enter

@HyperRTs #csgogiveaways #csgogiveawayâ€¦"
"477",1,"RT @haruneker: #WIN AN #ASUS #ROG #GAMING #MONITOR #GIVEAWAY

Follow @AthleticoES &amp; RT to Enter

@HyperRTs #csgogiveaways #csgogiveaway httâ€¦"
"478",0,"#Bathtub #SP #Old #SÃ£oPaulo #BR #Brasil #Zenfone4 #Zenfone #Asus #Photography #Insta #lightroomâ€¦ https://t.co/68GhJ5wJYe"
"479",0,"#Bathtub #SP #Old #SÃ£oPaulo #BR #Brasil #Zenfone4 #Zenfone #Asus #Photography #Insta #lightroomâ€¦ https://t.co/68GhJ5OlmO"
"480",1,"RT @Geshsharahan: #WIN AN #ASUS #ROG #GAMING #MONITOR #GIVEAWAY

Follow @AthleticoES &amp; RT to Enter

@HyperRTs #csgogiveaways #csgogiveawayâ€¦"
"481",1,"RT @paulo_1e: #WIN AN #ASUS #ROG #GAMING #MONITOR #GIVEAWAY

Follow @AthleticoES &amp; RT to Enter

@HyperRTs #csgogiveaways #csgogiveaway httpâ€¦"
"482",0,"#computer #asus Testbericht zum ASUS K31BF-DE012S - Ein solider Allrounder: https://t.co/ksapNSukNX via https://t.co/agK11dKrNS"
"483",0,"Leaked Images of Upcoming ASUS ZenFone 5 Phone Show Dual Rear Camera, 18:9 Display https://t.co/cAfjbjfZjo #MiniXDAâ€¦ https://t.co/lyBiRFW2sM"
"484",-2,"An unknown #ASUS Zenfone 5 series 2018 phone #leaks with 18:9 display https://t.co/kEt90BBN4y #android"
"485",-2,"An unknown #ASUS Zenfone 5 series (2018) phone #leaks with 18:9 display https://t.co/E7h5TKv8M3 #android"
"486",1,"#WIN AN #ASUS #ROG #GAMING #MONITOR #GIVEAWAY

Follow @AthleticoES &amp; RT to Enter

@HyperRTs #csgogiveawaysâ€¦ https://t.co/uEscIrHX0k"
"487",1,"#WIN AN #ASUS #ROG #GAMING #MONITOR #GIVEAWAY

Follow @AthleticoES &amp; RT to Enter

@HyperRTs #csgogiveawaysâ€¦ https://t.co/EKLDZVqA6H"
"488",1,"#WIN AN #ASUS #ROG #GAMING #MONITOR #GIVEAWAY

Follow @AthleticoES &amp; RT to Enter

@HyperRTs #csgogiveawaysâ€¦ https://t.co/HQvd0ahZ3e"
"489",0,"#PortÃ¡tiles #ASUS a los mejores precios desde 229 â‚¬ Â¡No te lo pierdas!: https://t.co/Cxw5BzOhJD"
"490",1,"#WIN AN #ASUS #ROG #GAMING #MONITOR #GIVEAWAY

Follow @AthleticoES &amp; RT to Enter

@HyperRTs #csgogiveawaysâ€¦ https://t.co/bzXkWd5RxD"
"491",1,"#WIN AN #ASUS #ROG #GAMING #MONITOR #GIVEAWAY

Follow @AthleticoES &amp; RT to Enter

@HyperRTs #csgogiveawaysâ€¦ https://t.co/qOHj04fopP"
"492",1,"#WIN AN #ASUS #ROG #GAMING #MONITOR #GIVEAWAY

Follow @AthleticoES &amp; RT to Enter

@HyperRTs #csgogiveawaysâ€¦ https://t.co/e1gpvIR2yG"
"493",0,"Te regalo 5 gigas de almacenamiento para que pruebes #ASUS #WebStorage, regÃ­strate en el linkâ€¦ https://t.co/QLgJGCuQ4g"
"494",1,"RT @the_best_offer: 26% OFF #sale #save #asus #chromebook #laptop @amazon @asus ASUS Chromebook C300SA Compact 13.3 Inch (Intel Celeron, 4Gâ€¦"
"495",1,"26% OFF #sale #save #asus #chromebook #laptop @amazon @asus ASUS Chromebook C300SA Compact 13.3 Inch (Intel Celeronâ€¦ https://t.co/VqgVTOgDxr"
"496",1,"26% OFF #sale #save #asus #chromebook #laptop @amazon @asus ASUS Chromebook C300SA Compact 13.3 Inch (Intel Celeronâ€¦ https://t.co/r4nRg5Db05"
"497",1,"26% OFF #sale #save #asus #chromebook #laptop @amazon @asus ASUS Chromebook C300SA Compact 13.3 Inch (Intel Celeronâ€¦ https://t.co/7wYkrmTGbz"
"498",1,"#WIN AN #ASUS #ROG #GAMING #MONITOR #GIVEAWAY

Follow @AthleticoES &amp; RT to Enter

@HyperRTs #csgogiveawaysâ€¦ https://t.co/QvgAtI3syA"
"499",1,"RT @Michael_D_C_: #WIN AN #ASUS #ROG #GAMING #MONITOR #GIVEAWAY

Follow @AthleticoES &amp; RT to Enter

@HyperRTs #csgogiveaways #csgogiveawayâ€¦"
"500",1,"RT @Michael_D_C_: #WIN AN #ASUS #ROG #GAMING #MONITOR #GIVEAWAY

Follow @AthleticoES &amp; RT to Enter

@HyperRTs #csgogiveaways #csgogiveawayâ€¦"
